,path,category,hist_dist,scalar_dist,scalar_dist_standard,hist_dist_standard,dist
338,./normalized-psb-db/Fish/239.off,Fish,0.0129,0.9259,0.36953986305245756,0.2742605224740414,0.3219001927632495
154,./normalized-psb-db/Bird/246.off,Bird,0.0137,0.9216,0.36640672435937394,0.2906196254724184,0.32851317491589616
104,./normalized-psb-db/Vase/379.off,Vase,0.0133,0.9422,0.38141664460996055,0.2824400739732299,0.33192835929159525
38,./normalized-psb-db/Hand/198.off,Hand,0.0143,0.9303,0.372745865436078,0.3028889527212011,0.33781740907863955
277,./normalized-psb-db/Bearing/349.off,Bearing,0.0144,0.9329,0.3746403213900355,0.30493384059599815,0.3397870809930168
275,./normalized-psb-db/Bearing/348.off,Bearing,0.0145,0.9383,0.37857496067902424,0.3069787284707953,0.34277684457490976
311,./normalized-psb-db/Human/9.off,Human,0.0147,0.9342,0.37558754936701433,0.3110685042203895,0.3433280267937019
135,./normalized-psb-db/Glasses/60.off,Glasses,0.014,0.9558,0.3913261065229691,0.2967542890968097,0.34404019780988937
157,./normalized-psb-db/Bird/249.off,Bird,0.0149,0.9331,0.3747860487711092,0.31515827996998375,0.34497216437054645
150,./normalized-psb-db/Bird/251.off,Bird,0.0132,0.9825,0.4107807118963023,0.2803951860984328,0.34558794899736756
143,./normalized-psb-db/Bird/243.off,Bird,0.0132,0.9825,0.4107807118963023,0.2803951860984328,0.34558794899736756
115,./normalized-psb-db/Vase/367.off,Vase,0.0145,0.9464,0.3844769196125073,0.3069787284707953,0.3457278240416513
271,./normalized-psb-db/Bearing/350.off,Bearing,0.0149,0.9369,0.3775548690115086,0.31515827996998375,0.3463565744907462
332,./normalized-psb-db/Fish/224.off,Fish,0.0154,0.9307,0.37303732019822533,0.32538271934396934,0.34921001977109734
133,./normalized-psb-db/Glasses/46.off,Glasses,0.0145,0.956,0.3914718339040428,0.3069787284707953,0.349225281187419
310,./normalized-psb-db/Human/8.off,Human,0.0153,0.9362,0.3770448231777509,0.32333783146917217,0.35019132732346153
114,./normalized-psb-db/Vase/373.off,Vase,0.0145,0.9601,0.3944592452160527,0.3069787284707953,0.350718986843424
264,./normalized-psb-db/Bearing/356.off,Bearing,0.0149,0.953,0.3892859231879379,0.31515827996998375,0.35222210157896083
339,./normalized-psb-db/Fish/238.off,Fish,0.0153,0.9476,0.38535128389894924,0.32333783146917217,0.3543445576840607
148,./normalized-psb-db/Bird/244.off,Bird,0.0144,0.9733,0.40407725236691405,0.30493384059599815,0.3545055464814561
342,./normalized-psb-db/Armadillo/294.off,Armadillo,0.0152,0.9545,0.3903788785459904,0.3212929435943751,0.35583591107018275
327,./normalized-psb-db/Fish/237.off,Fish,0.0159,0.9401,0.3798865071086872,0.3356071587179549,0.35774683291332104
145,./normalized-psb-db/Bird/241.off,Bird,0.0158,0.9433,0.38221814520586567,0.3335622708431578,0.35789020802451177
131,./normalized-psb-db/Glasses/53.off,Glasses,0.0153,0.9588,0.393512017239074,0.32333783146917217,0.3584249243541231
302,./normalized-psb-db/Human/19.off,Human,0.0149,0.9737,0.40436870712906137,0.31515827996998375,0.35976349354952253
322,./normalized-psb-db/Fish/235.off,Fish,0.0154,0.9608,0.39496929104981054,0.32538271934396934,0.36017600519688997
379,./normalized-psb-db/Teddy/172.off,Teddy,0.015,0.9734,0.4041501160574509,0.31720316784478086,0.3606766419511159
109,./normalized-psb-db/Vase/377.off,Vase,0.0144,0.9948,0.41974294583233207,0.30493384059599815,0.3623383932141651
375,./normalized-psb-db/Teddy/165.off,Teddy,0.0139,1.0103,0.4310368178655404,0.29470940122201256,0.3628731095437765
331,./normalized-psb-db/Fish/232.off,Fish,0.0158,0.9582,0.39307483509585306,0.3335622708431578,0.36331855296950544
325,./normalized-psb-db/Fish/222.off,Fish,0.0158,0.9582,0.39307483509585306,0.3335622708431578,0.36331855296950544
315,./normalized-psb-db/Human/16.off,Human,0.0164,0.9414,0.3808337350856659,0.34583159809194053,0.36333266658880325
305,./normalized-psb-db/Human/7.off,Human,0.0162,0.9504,0.38739146723398044,0.3417418223423462,0.3645666447881633
317,./normalized-psb-db/Human/13.off,Human,0.0163,0.95,0.38710001247183307,0.34378671021714335,0.3654433613444882
307,./normalized-psb-db/Human/2.off,Human,0.0159,0.9633,0.39679088331323126,0.3356071587179549,0.3661990210155931
168,./normalized-psb-db/FourLeg/390.off,FourLeg,0.0165,0.9472,0.385059829136802,0.3478764859667376,0.36646815755176976
304,./normalized-psb-db/Human/5.off,Human,0.0165,0.9487,0.38615278449485435,0.3478764859667376,0.36701463523079597
21,./normalized-psb-db/Hand/181.off,Hand,0.017,0.9351,0.3762433225818458,0.3581009253407232,0.3671721239612845
9,./normalized-psb-db/Ant/92.off,Ant,0.0156,0.9746,0.4050244803438928,0.3294724950935635,0.3672484877187282
260,./normalized-psb-db/Bearing/355.off,Bearing,0.0165,0.953,0.3892859231879379,0.3478764859667376,0.3685812045773378
134,./normalized-psb-db/Glasses/52.off,Glasses,0.0165,0.9547,0.39052460592706406,0.3478764859667376,0.3692005459469008
324,./normalized-psb-db/Fish/236.off,Fish,0.0172,0.9359,0.3768262321061403,0.36219070109031737,0.36950846659822884
18,./normalized-psb-db/Ant/98.off,Ant,0.017,0.9432,0.38214528151532884,0.3581009253407232,0.370123103428026
276,./normalized-psb-db/Bearing/360.off,Bearing,0.0171,0.9432,0.38214528151532884,0.3601458132155203,0.3711455473654246
313,./normalized-psb-db/Human/15.off,Human,0.0176,0.9316,0.3736930934130568,0.37037025258950584,0.3720316730012813
326,./normalized-psb-db/Fish/223.off,Fish,0.0175,0.9393,0.3793035975843925,0.3683253647147088,0.3738144811495506
209,./normalized-psb-db/Airplane/74.off,Airplane,0.0174,0.9438,0.38258246365854975,0.3662804768399116,0.3744314702492307
366,./normalized-psb-db/Teddy/162.off,Teddy,0.0157,0.9921,0.4177756261878377,0.33151738296836064,0.37464650457809917
211,./normalized-psb-db/Airplane/61.off,Airplane,0.0179,0.9335,0.3750775035332565,0.37650491621389715,0.37579120987357684
345,./normalized-psb-db/Armadillo/283.off,Armadillo,0.0169,0.9628,0.3964265648605471,0.356056037465926,0.37624130116323656
334,./normalized-psb-db/Fish/231.off,Fish,0.018,0.9332,0.37485891246164604,0.37854980408869426,0.3767043582751701
337,./normalized-psb-db/Fish/229.off,Fish,0.0172,0.9588,0.393512017239074,0.36219070109031737,0.3778513591646957
306,./normalized-psb-db/Human/6.off,Human,0.0172,0.9595,0.3940220630728318,0.36219070109031737,0.37810638208157454
107,./normalized-psb-db/Vase/375.off,Vase,0.0174,0.9551,0.3908160606892113,0.3662804768399116,0.3785482687645615
335,./normalized-psb-db/Fish/225.off,Fish,0.0184,0.9285,0.3714343190064151,0.38672935558788274,0.37908183729714895
207,./normalized-psb-db/Airplane/62.off,Airplane,0.0186,0.9246,0.3685926350754788,0.390819131337477,0.3797058832064779
330,./normalized-psb-db/Fish/226.off,Fish,0.0176,0.9539,0.3899416964027694,0.37037025258950584,0.3801559744961376
329,./normalized-psb-db/Fish/227.off,Fish,0.0176,0.9539,0.3899416964027694,0.37037025258950584,0.3801559744961376
268,./normalized-psb-db/Bearing/353.off,Bearing,0.0182,0.938,0.3783563696074137,0.38263957983828856,0.38049797472285113
213,./normalized-psb-db/Airplane/71.off,Airplane,0.0185,0.932,0.3739845481752041,0.38877424346267986,0.381379395818942
106,./normalized-psb-db/Vase/361.off,Vase,0.0166,0.9866,0.4137681232083122,0.34992137384153466,0.38184474852492345
367,./normalized-psb-db/Teddy/163.off,Teddy,0.0161,1.0074,0.42892377083997246,0.3396969344675491,0.3843103526537608
374,./normalized-psb-db/Teddy/171.off,Teddy,0.0161,1.0082,0.429506680364267,0.3396969344675491,0.38460180741590805
206,./normalized-psb-db/Airplane/63.off,Airplane,0.0193,0.9214,0.3662609969783003,0.4051333464610568,0.38569717171967854
336,./normalized-psb-db/Fish/228.off,Fish,0.018,0.9585,0.39329342616746354,0.37854980408869426,0.3859216151280789
300,./normalized-psb-db/Human/20.off,Human,0.0171,0.9924,0.4179942172594482,0.3601458132155203,0.38907001523748425
144,./normalized-psb-db/Bird/255.off,Bird,0.0175,0.9829,0.41107216665844953,0.3683253647147088,0.38969876568657913
105,./normalized-psb-db/Vase/374.off,Vase,0.0192,0.9384,0.37864782436956107,0.40308845858625963,0.3908681414779104
151,./normalized-psb-db/Bird/247.off,Bird,0.0198,0.9223,0.36691677019313174,0.4153577858350424,0.39113727801408704
30,./normalized-psb-db/Hand/187.off,Hand,0.0194,0.9349,0.3760975952007721,0.40717823433585393,0.391637914768313
261,./normalized-psb-db/Bearing/341.off,Bearing,0.019,0.947,0.38491410175572827,0.39899868283666545,0.39195639229619683
110,./normalized-psb-db/Vase/376.off,Vase,0.0177,0.9859,0.4132580773745544,0.37241514046430296,0.3928366089194287
225,./normalized-psb-db/Octopus/136.off,Octopus,0.0187,0.9613,0.39533360950249474,0.39286401921227415,0.3940988143573845
266,./normalized-psb-db/Bearing/343.off,Bearing,0.0192,0.9477,0.38542414758948607,0.40308845858625963,0.39425630308787285
360,./normalized-psb-db/Teddy/180.off,Teddy,0.0169,1.0133,0.43322272858164534,0.356056037465926,0.39463938302378565
216,./normalized-psb-db/Airplane/72.off,Airplane,0.0196,0.9448,0.38331110056391804,0.4112680100854481,0.3972895553246831
112,./normalized-psb-db/Vase/366.off,Vase,0.0174,1.0108,0.4314011363182245,0.3662804768399116,0.39884080657906806
309,./normalized-psb-db/Human/1.off,Human,0.0181,0.9918,0.4175570351162272,0.38059469196349144,0.39907586353985935
263,./normalized-psb-db/Bearing/342.off,Bearing,0.0198,0.947,0.38491410175572827,0.4153577858350424,0.4001359437953853
102,./normalized-psb-db/Vase/380.off,Vase,0.0175,1.0162,0.43533577560721326,0.3683253647147088,0.401830570160961
240,./normalized-psb-db/Bust/309.off,Bust,0.0183,1.0042,0.4265921327427939,0.3846844677130856,0.4056383002279398
26,./normalized-psb-db/Hand/182.off,Hand,0.021,0.9287,0.37158004638748876,0.4398964403326078,0.40573824336004827
262,./normalized-psb-db/Bearing/354.off,Bearing,0.02,0.9574,0.39249192557155843,0.4194475615846366,0.4059697435780975
208,./normalized-psb-db/Airplane/76.off,Airplane,0.0192,0.9808,0.40954202915717614,0.40308845858625963,0.4063152438717179
219,./normalized-psb-db/Airplane/73.off,Airplane,0.0199,0.9622,0.3959893827173262,0.4174026737098395,0.40669602821358286
319,./normalized-psb-db/Human/10.off,Human,0.0184,1.0044,0.4267378601238675,0.38672935558788274,0.4067336078558751
65,./normalized-psb-db/Plier/214.off,Plier,0.0174,1.0365,0.45012710478618934,0.3662804768399116,0.40820379081305047
101,./normalized-psb-db/Vase/368.off,Vase,0.0177,1.0298,0.4452452375202219,0.37241514046430296,0.4088301889922624
221,./normalized-psb-db/Octopus/121.off,Octopus,0.0209,0.9401,0.3798865071086872,0.4378515524578106,0.4088690297832489
75,./normalized-psb-db/Plier/213.off,Plier,0.0165,1.0689,0.4737349405201216,0.3478764859667376,0.4108057132434296
31,./normalized-psb-db/Hand/191.off,Hand,0.0188,1.0066,0.4283408613156777,0.39490890708707127,0.4116248842013745
346,./normalized-psb-db/Armadillo/297.off,Armadillo,0.0181,1.027,0.44320505418519063,0.38059469196349144,0.41189987307434106
361,./normalized-psb-db/Teddy/168.off,Teddy,0.0174,1.0475,0.45814211074524047,0.3662804768399116,0.41221129379257604
66,./normalized-psb-db/Plier/215.off,Plier,0.0186,1.0185,0.43701164048956026,0.390819131337477,0.4139153859135186
119,./normalized-psb-db/Vase/370.off,Vase,0.0197,0.9886,0.41522539701904876,0.41331289796024523,0.414269147489647
6,./normalized-psb-db/Ant/83.off,Ant,0.0213,0.9457,0.3839668737787495,0.4460311039569991,0.4149989888678743
1,./normalized-psb-db/Ant/81.off,Ant,0.0212,0.9501,0.3871728761623699,0.443986216082202,0.415579546122286
370,./normalized-psb-db/Teddy/175.off,Teddy,0.0176,1.0556,0.4640440696787236,0.37037025258950584,0.4172071611341147
214,./normalized-psb-db/Airplane/70.off,Airplane,0.019,1.0174,0.43621013989365526,0.39899868283666545,0.41760441136516036
378,./normalized-psb-db/Teddy/166.off,Teddy,0.0183,1.039,0.45194869704961,0.3846844677130856,0.41831658238134783
308,./normalized-psb-db/Human/3.off,Human,0.0201,0.9893,0.4157354428528065,0.4214924494594337,0.41861394615612013
323,./normalized-psb-db/Fish/234.off,Fish,0.0219,0.9392,0.3792307338938557,0.4583004312057818,0.41876558254981877
353,./normalized-psb-db/Armadillo/291.off,Armadillo,0.0217,0.9454,0.383748282707139,0.45421065545618755,0.4189794690816633
72,./normalized-psb-db/Plier/212.off,Plier,0.0182,1.0481,0.45857929288846144,0.38263957983828856,0.420609436363375
172,./normalized-psb-db/FourLeg/387.off,FourLeg,0.0221,0.9388,0.37893927913170833,0.462390206955376,0.4206647430435422
25,./normalized-psb-db/Hand/196.off,Hand,0.022,0.9433,0.38221814520586567,0.46034531908057885,0.4212817321432223
28,./normalized-psb-db/Hand/192.off,Hand,0.0205,0.9866,0.4137681232083122,0.4296720009586222,0.4217200620834672
24,./normalized-psb-db/Hand/197.off,Hand,0.0227,0.9259,0.36953986305245756,0.47465953420415874,0.42209969862830815
178,./normalized-psb-db/FourLeg/399.off,FourLeg,0.0223,0.9386,0.3787935517506347,0.46647998270497026,0.4226367672278025
176,./normalized-psb-db/FourLeg/389.off,FourLeg,0.0221,0.9443,0.38294678211123395,0.462390206955376,0.422668494533305
320,./normalized-psb-db/Fish/240.off,Fish,0.0223,0.9408,0.3803965529424449,0.46647998270497026,0.4234382678237076
272,./normalized-psb-db/Bearing/344.off,Bearing,0.0192,1.028,0.44393369109055897,0.40308845858625963,0.42351107483840933
0,./normalized-psb-db/Ant/95.off,Ant,0.0214,0.9675,0.39985115831577805,0.4480759918317962,0.4239635750737871
328,./normalized-psb-db/Fish/233.off,Fish,0.0218,0.9569,0.39212760711887423,0.45625554333098467,0.42419157522492945
368,./normalized-psb-db/Teddy/177.off,Teddy,0.0188,1.0416,0.45384315300356765,0.39490890708707127,0.42437603004531943
274,./normalized-psb-db/Bearing/351.off,Bearing,0.0213,0.9721,0.4032028880804721,0.4460311039569991,0.4246169960187356
16,./normalized-psb-db/Ant/89.off,Ant,0.022,0.9526,0.38899446842579066,0.46034531908057885,0.42466989375318476
22,./normalized-psb-db/Hand/195.off,Hand,0.0224,0.9426,0.3817080993721078,0.4685248705797674,0.42511648497593757
251,./normalized-psb-db/Bust/301.off,Bust,0.0208,0.9877,0.4145696238042173,0.43580666458301354,0.4251881441936154
373,./normalized-psb-db/Teddy/170.off,Teddy,0.0195,1.0242,0.4411648708501595,0.40922312221065105,0.42519399653040524
71,./normalized-psb-db/Plier/216.off,Plier,0.0195,1.0268,0.44305932680411697,0.40922312221065105,0.426141224507384
301,./normalized-psb-db/Human/18.off,Human,0.0227,0.9372,0.3777734600831192,0.47465953420415874,0.42621649714363896
167,./normalized-psb-db/FourLeg/384.off,FourLeg,0.0228,0.9353,0.37638904996291944,0.47670442207895586,0.4265467360209376
20,./normalized-psb-db/Hand/194.off,Hand,0.0227,0.9396,0.379522188656003,0.47465953420415874,0.4270908614300809
146,./normalized-psb-db/Bird/254.off,Bird,0.0161,1.1249,0.5145386072207453,0.3396969344675491,0.4271177708441472
255,./normalized-psb-db/Bust/304.off,Bust,0.0222,0.954,0.3900145600933062,0.46443509483017315,0.4272248274617397
229,./normalized-psb-db/Octopus/133.off,Octopus,0.0217,0.972,0.4031300243899353,0.45421065545618755,0.4286703399230614
243,./normalized-psb-db/Bust/318.off,Bust,0.0204,1.0138,0.43358704703432943,0.4276271130838251,0.4306070800590773
215,./normalized-psb-db/Airplane/64.off,Airplane,0.0223,0.9613,0.39533360950249474,0.46647998270497026,0.4309067961037325
27,./normalized-psb-db/Hand/186.off,Hand,0.0233,0.9339,0.3753689582954038,0.48692886145294145,0.43114890987417265
33,./normalized-psb-db/Hand/184.off,Hand,0.0233,0.9352,0.3763161862723826,0.48692886145294145,0.43162252386266203
32,./normalized-psb-db/Hand/185.off,Hand,0.0224,0.9605,0.39475069997820006,0.4685248705797674,0.4316377852789837
36,./normalized-psb-db/Hand/200.off,Hand,0.022,0.9746,0.4050244803438928,0.46034531908057885,0.43268489971223584
201,./normalized-psb-db/Airplane/69.off,Airplane,0.0225,0.9608,0.39496929104981054,0.47056975845456445,0.4327695247521875
244,./normalized-psb-db/Bust/319.off,Bust,0.0221,0.9735,0.4042229797479877,0.462390206955376,0.43330659335168187
267,./normalized-psb-db/Bearing/347.off,Bearing,0.021,1.0066,0.4283408613156777,0.4398964403326078,0.43411865082414275
351,./normalized-psb-db/Armadillo/284.off,Armadillo,0.0206,1.0233,0.44050909763532814,0.4317168888334193,0.4361129932343737
149,./normalized-psb-db/Bird/245.off,Bird,0.023,0.9561,0.3915446975945796,0.48079419782855004,0.43616944771156485
34,./normalized-psb-db/Hand/190.off,Hand,0.023,0.9571,0.3922733344999479,0.48079419782855004,0.436533766164249
164,./normalized-psb-db/FourLeg/381.off,FourLeg,0.0219,0.9929,0.41835853571213233,0.4583004312057818,0.43832948345895706
5,./normalized-psb-db/Ant/97.off,Ant,0.0212,1.0134,0.4332955922721821,0.443986216082202,0.43864090417719204
2,./normalized-psb-db/Ant/94.off,Ant,0.0234,0.9525,0.38892160473525383,0.4889737493277385,0.4389476770314962
273,./normalized-psb-db/Bearing/345.off,Bearing,0.0201,1.0512,0.460838067295103,0.4214924494594337,0.4411652583772684
376,./normalized-psb-db/Teddy/173.off,Teddy,0.0187,1.0908,0.48969208874768694,0.39286401921227415,0.44127805397998054
316,./normalized-psb-db/Human/12.off,Human,0.0196,1.0682,0.47322489468636386,0.4112680100854481,0.442246452385906
23,./normalized-psb-db/Hand/183.off,Hand,0.0228,0.9784,0.4077933005842923,0.47670442207895586,0.4422488613316241
10,./normalized-psb-db/Ant/86.off,Ant,0.0238,0.9512,0.38797437675827506,0.497153300826927,0.442563838792601
248,./normalized-psb-db/Bust/316.off,Bust,0.0225,0.9899,0.4161726249960275,0.47056975845456445,0.44337119172529593
37,./normalized-psb-db/Hand/188.off,Hand,0.0223,0.9962,0.42076303749984767,0.46647998270497026,0.44362151010240897
347,./normalized-psb-db/Armadillo/293.off,Armadillo,0.0215,1.0195,0.43774027739492866,0.4501208797065933,0.443930578550761
270,./normalized-psb-db/Bearing/346.off,Bearing,0.0203,1.0542,0.4630239780112079,0.42558222520902794,0.44430310161011793
138,./normalized-psb-db/Glasses/59.off,Glasses,0.0244,0.9422,0.38141664460996055,0.5094226280757097,0.4454196363428351
39,./normalized-psb-db/Hand/199.off,Hand,0.024,0.9541,0.39008742378384303,0.5012430765765212,0.4456652501801821
363,./normalized-psb-db/Teddy/179.off,Teddy,0.0196,1.0776,0.4800740815968256,0.4112680100854481,0.4456710458411368
333,./normalized-psb-db/Fish/230.off,Fish,0.0238,0.9619,0.3957707916457156,0.497153300826927,0.4464620462363213
303,./normalized-psb-db/Human/4.off,Human,0.021,1.0424,0.4544260625278622,0.4398964403326078,0.447161251430235
140,./normalized-psb-db/Bird/242.off,Bird,0.0239,0.9612,0.3952607458119579,0.4991981887017241,0.447229467256841
217,./normalized-psb-db/Airplane/66.off,Airplane,0.0225,1.0032,0.42586349583742567,0.47056975845456445,0.4482166271459951
218,./normalized-psb-db/Airplane/67.off,Airplane,0.0237,0.9728,0.4037129339142299,0.4951084129521298,0.44941067343317986
371,./normalized-psb-db/Teddy/174.off,Teddy,0.019,1.105,0.5000387328039165,0.39899868283666545,0.449518707820291
245,./normalized-psb-db/Bust/317.off,Bust,0.0226,1.0048,0.4270293148860148,0.47261464632936157,0.4498219806076882
29,./normalized-psb-db/Hand/193.off,Hand,0.0244,0.955,0.3907431969986745,0.5094226280757097,0.4500829125371921
228,./normalized-psb-db/Octopus/132.off,Octopus,0.0252,0.9328,0.3745674576994987,0.5257817310740865,0.45017459438679264
17,./normalized-psb-db/Ant/99.off,Ant,0.0234,0.9848,0.4124565767786493,0.4889737493277385,0.4507151630531939
237,./normalized-psb-db/Octopus/128.off,Octopus,0.0251,0.9372,0.3777734600831192,0.5237368431992895,0.45075515164120433
137,./normalized-psb-db/Glasses/49.off,Glasses,0.0247,0.9487,0.38615278449485435,0.515557291700101,0.4508550380974777
362,./normalized-psb-db/Teddy/169.off,Teddy,0.0211,1.0501,0.46003656669919796,0.4419413282074049,0.4509889474533014
165,./normalized-psb-db/FourLeg/395.off,FourLeg,0.0223,1.0171,0.4359915488220446,0.46647998270497026,0.45123576576350743
235,./normalized-psb-db/Octopus/140.off,Octopus,0.0234,0.9898,0.41609976130549065,0.4889737493277385,0.4525367553166146
4,./normalized-psb-db/Ant/96.off,Ant,0.0232,0.9955,0.42025299166608987,0.4848839735781443,0.4525684826221171
321,./normalized-psb-db/Fish/221.off,Fish,0.0246,0.9583,0.3931476987863899,0.5135124038253039,0.4533300513058469
129,./normalized-psb-db/Glasses/51.off,Glasses,0.0249,0.9516,0.3882658315204224,0.5196470674496952,0.4539564494850588
153,./normalized-psb-db/Bird/252.off,Bird,0.0242,0.9752,0.40546166248711374,0.5053328523261155,0.45539725740661463
341,./normalized-psb-db/Armadillo/295.off,Armadillo,0.0245,0.9685,0.40057979522114634,0.5114675159505068,0.4560236555858266
19,./normalized-psb-db/Ant/100.off,Ant,0.0244,0.9717,0.4029114333183248,0.5094226280757097,0.45616703069701725
318,./normalized-psb-db/Human/11.off,Human,0.0202,1.0931,0.491367953630034,0.4235373373342308,0.4574526454821324
340,./normalized-psb-db/Armadillo/281.off,Armadillo,0.0222,1.0425,0.454498926218399,0.46443509483017315,0.45946701052428607
175,./normalized-psb-db/FourLeg/388.off,FourLeg,0.0226,1.0321,0.44692110240256894,0.47261464632936157,0.4597678743659652
202,./normalized-psb-db/Airplane/68.off,Airplane,0.0213,1.0693,0.47402639528226886,0.4460311039569991,0.46002874961963397
210,./normalized-psb-db/Airplane/75.off,Airplane,0.024,0.9946,0.4195972184512584,0.5012430765765212,0.4604201475138898
162,./normalized-psb-db/FourLeg/383.off,FourLeg,0.0231,1.02,0.43810459584761274,0.48283908570334716,0.46047184077548
205,./normalized-psb-db/Airplane/77.off,Airplane,0.0236,1.0106,0.43125540893715086,0.49306352507733275,0.4621594670072418
161,./normalized-psb-db/FourLeg/382.off,FourLeg,0.0227,1.0361,0.449835650024042,0.47465953420415874,0.4622475921141004
81,./normalized-psb-db/Chair/120.off,Chair,0.0238,1.0073,0.42885090714943563,0.497153300826927,0.4630021039881813
182,./normalized-psb-db/Table/142.off,Table,0.0202,1.11,0.503681917330758,0.4235373373342308,0.4636096273324944
92,./normalized-psb-db/Chair/107.off,Chair,0.0227,1.043,0.45486324467108313,0.47465953420415874,0.4647613894376209
265,./normalized-psb-db/Bearing/357.off,Bearing,0.0151,1.259,0.6122488162306315,0.319248055719578,0.46574843597510474
344,./normalized-psb-db/Armadillo/282.off,Armadillo,0.0216,1.0769,0.47956403576306783,0.4521657675813905,0.46586490167222916
152,./normalized-psb-db/Bird/253.off,Bird,0.0253,0.9745,0.404951616653356,0.5278266189488837,0.46638911780111986
88,./normalized-psb-db/Chair/102.off,Chair,0.0226,1.0519,0.4613481131288609,0.47261464632936157,0.46698137972911125
269,./normalized-psb-db/Bearing/352.off,Bearing,0.0256,0.9692,0.4010898410549041,0.5339612825732751,0.4675255618140896
13,./normalized-psb-db/Ant/85.off,Ant,0.0229,1.0456,0.45675770062504073,0.478749309953753,0.46775350528939685
80,./normalized-psb-db/Chair/108.off,Chair,0.0228,1.0493,0.4594536571749033,0.47670442207895586,0.46807903962692954
108,./normalized-psb-db/Vase/363.off,Vase,0.0267,0.9401,0.3798865071086872,0.5564550491960434,0.4681707781523653
170,./normalized-psb-db/FourLeg/385.off,FourLeg,0.0269,0.935,0.37617045889130896,0.5605448249456375,0.46835764191847323
96,./normalized-psb-db/Chair/110.off,Chair,0.0237,1.0276,0.4436422363284117,0.4951084129521298,0.46937532464027076
142,./normalized-psb-db/Bird/257.off,Bird,0.0145,1.289,0.63410792339168,0.3069787284707953,0.47054332593123765
212,./normalized-psb-db/Airplane/65.off,Airplane,0.0245,1.009,0.43008958988856155,0.5114675159505068,0.4707785529195342
377,./normalized-psb-db/Teddy/167.off,Teddy,0.0202,1.1311,0.5190561560340287,0.4235373373342308,0.47129674668412974
99,./normalized-psb-db/Chair/111.off,Chair,0.0241,1.0228,0.44014477918264383,0.5032879644513183,0.47171637181698106
141,./normalized-psb-db/Bird/256.off,Bird,0.0169,1.2254,0.5877666162102575,0.356056037465926,0.4719113268380918
83,./normalized-psb-db/Chair/119.off,Chair,0.0226,1.0672,0.47249625778099547,0.47261464632936157,0.4725554520551785
203,./normalized-psb-db/Airplane/78.off,Airplane,0.0251,1.0004,0.4238233125023944,0.5237368431992895,0.473780077850842
250,./normalized-psb-db/Bust/315.off,Bust,0.023,1.0599,0.46717720837180715,0.48079419782855004,0.4739857031001786
158,./normalized-psb-db/Bird/259.off,Bird,0.0266,0.9625,0.39620797378893663,0.5544101613212462,0.4753090675550914
3,./normalized-psb-db/Ant/82.off,Ant,0.0253,0.9992,0.42294894821595247,0.5278266189488837,0.47538778358241807
239,./normalized-psb-db/Octopus/139.off,Octopus,0.0245,1.0249,0.44167491668391723,0.5114675159505068,0.476571216317212
79,./normalized-psb-db/Plier/204.off,Plier,0.0221,1.0941,0.49209659053540233,0.462390206955376,0.4772433987453892
125,./normalized-psb-db/Glasses/55.off,Glasses,0.0268,0.9623,0.39606224640786303,0.5584999370708404,0.47728109173935174
93,./normalized-psb-db/Chair/113.off,Chair,0.0246,1.0245,0.44138346192176997,0.5135124038253039,0.47744793287353693
177,./normalized-psb-db/FourLeg/400.off,FourLeg,0.0256,0.9972,0.4214916744052159,0.5339612825732751,0.47772647848924554
86,./normalized-psb-db/Chair/101.off,Chair,0.024,1.0474,0.4580692470547037,0.5012430765765212,0.47965616181561244
67,./normalized-psb-db/Plier/201.off,Plier,0.0228,1.0816,0.4829886292182987,0.47670442207895586,0.4798465256486273
8,./normalized-psb-db/Ant/93.off,Ant,0.026,0.9922,0.41784848987837453,0.5421408340724635,0.479994661975419
352,./normalized-psb-db/Armadillo/290.off,Armadillo,0.0239,1.0512,0.460838067295103,0.4991981887017241,0.4800181279984136
174,./normalized-psb-db/FourLeg/392.off,FourLeg,0.0261,0.9896,0.41595403392441704,0.5441857219472607,0.4800698779358389
85,./normalized-psb-db/Chair/115.off,Chair,0.0251,1.0193,0.437594550013855,0.5237368431992895,0.4806656966065722
364,./normalized-psb-db/Teddy/178.off,Teddy,0.0216,1.1179,0.5094381488831673,0.4521657675813905,0.4808019582322789
195,./normalized-psb-db/Table/149.off,Table,0.0253,1.0144,0.43402422917755035,0.5278266189488837,0.48092542406321703
280,./normalized-psb-db/Mech/336.off,Mech,0.0208,1.1422,0.5271440256836166,0.43580666458301354,0.4814753451333151
190,./normalized-psb-db/Table/144.off,Table,0.0223,1.1004,0.4966870030392225,0.46647998270497026,0.48158349287209634
314,./normalized-psb-db/Human/17.off,Human,0.0249,1.0292,0.4448080553770008,0.5196470674496952,0.482227561413348
252,./normalized-psb-db/Bust/305.off,Bust,0.022,1.1171,0.5088552393588727,0.46034531908057885,0.48460027921972576
163,./normalized-psb-db/FourLeg/397.off,FourLeg,0.0248,1.0404,0.45296878871712565,0.5176021795748981,0.48528548414601186
147,./normalized-psb-db/Bird/250.off,Bird,0.0167,1.2725,0.6220854144531034,0.35196626171633183,0.4870258380847176
139,./normalized-psb-db/Glasses/58.off,Glasses,0.0203,1.1737,0.5500960882027174,0.42558222520902794,0.48783915670587263
91,./normalized-psb-db/Chair/103.off,Chair,0.0244,1.0619,0.4686344821825437,0.5094226280757097,0.4890285551291267
220,./normalized-psb-db/Octopus/134.off,Octopus,0.0223,1.1217,0.5122069691235668,0.46647998270497026,0.4893434759142685
169,./normalized-psb-db/FourLeg/391.off,FourLeg,0.0274,0.981,0.4096877565382498,0.5707692643196232,0.49022851042893645
372,./normalized-psb-db/Teddy/164.off,Teddy,0.0218,1.1382,0.5242294780621435,0.45625554333098467,0.4902425106965641
7,./normalized-psb-db/Ant/87.off,Ant,0.0255,1.0351,0.4491070131186737,0.531916394698478,0.4905117039085758
369,./normalized-psb-db/Teddy/161.off,Teddy,0.0208,1.1703,0.5476187227244651,0.43580666458301354,0.4917126936537393
84,./normalized-psb-db/Chair/118.off,Chair,0.0249,1.0635,0.4698003012311328,0.5196470674496952,0.494723684340414
181,./normalized-psb-db/Table/143.off,Table,0.0207,1.1822,0.5562895018983477,0.4337617767082164,0.49502563930328203
226,./normalized-psb-db/Octopus/122.off,Octopus,0.0261,1.0316,0.44655678394988485,0.5441857219472607,0.49537125294857276
98,./normalized-psb-db/Chair/105.off,Chair,0.0251,1.0613,0.46819730003932264,0.5237368431992895,0.4959670716193061
89,./normalized-psb-db/Chair/116.off,Chair,0.0237,1.1036,0.4990186411364009,0.4951084129521298,0.4970635270442654
234,./normalized-psb-db/Octopus/130.off,Octopus,0.0235,1.1107,0.5041919631645158,0.49101863720253563,0.49760530018352567
12,./normalized-psb-db/Ant/84.off,Ant,0.0263,1.0322,0.44699396609310577,0.5482754976968549,0.4976347318949803
111,./normalized-psb-db/Vase/362.off,Vase,0.0245,1.0829,0.48393585719527754,0.5114675159505068,0.49770168657289215
185,./normalized-psb-db/Table/155.off,Table,0.0254,1.0597,0.4670314809907335,0.5298715068236808,0.4984514939072071
247,./normalized-psb-db/Bust/302.off,Bust,0.0242,1.095,0.49275236375023374,0.5053328523261155,0.4990426080381746
246,./normalized-psb-db/Bust/303.off,Bust,0.0248,1.0861,0.4862674952924561,0.5176021795748981,0.5019348374336771
160,./normalized-psb-db/FourLeg/396.off,FourLeg,0.0225,1.1507,0.5333374393792469,0.47056975845456445,0.5019535989169057
97,./normalized-psb-db/Chair/104.off,Chair,0.0261,1.0532,0.4622953411058396,0.5441857219472607,0.5032405315265501
11,./normalized-psb-db/Ant/90.off,Ant,0.0279,1.005,0.42717504226708847,0.5809937036936087,0.5040843729803486
70,./normalized-psb-db/Plier/202.off,Plier,0.024,1.1159,0.5079808750724307,0.5012430765765212,0.504611975824476
46,./normalized-psb-db/Cup/23.off,Cup,0.0257,1.0702,0.47468216849710043,0.5360061704480722,0.5053441694725863
14,./normalized-psb-db/Ant/91.off,Ant,0.0265,1.0518,0.4612752494383241,0.552365273446449,0.5068202614423866
200,./normalized-psb-db/Airplane/80.off,Airplane,0.0261,1.0637,0.46994602861220663,0.5441857219472607,0.5070658752797337
15,./normalized-psb-db/Ant/88.off,Ant,0.0269,1.0417,0.4539160166941045,0.5605448249456375,0.507230420819871
287,./normalized-psb-db/Mech/324.off,Mech,0.0212,1.2037,0.5719551953637658,0.443986216082202,0.5079707057229839
343,./normalized-psb-db/Armadillo/296.off,Armadillo,0.0239,1.1306,0.5186918375813445,0.4991981887017241,0.5089450131415343
122,./normalized-psb-db/Glasses/43.off,Glasses,0.027,1.0463,0.4572677464587985,0.5625897128204347,0.5099287296396166
76,./normalized-psb-db/Plier/205.off,Plier,0.0247,1.1134,0.50615928280901,0.515557291700101,0.5108582872545555
230,./normalized-psb-db/Octopus/127.off,Octopus,0.0242,1.1298,0.5181089280570498,0.5053328523261155,0.5117208901915826
259,./normalized-psb-db/Bust/313.off,Bust,0.0252,1.1096,0.5033904625686105,0.5257817310740865,0.5145860968213485
94,./normalized-psb-db/Chair/112.off,Chair,0.0256,1.1038,0.49916436851747453,0.5339612825732751,0.5165628255453748
224,./normalized-psb-db/Octopus/137.off,Octopus,0.025,1.1207,0.5114783322181986,0.5216919553244924,0.5165851437713456
171,./normalized-psb-db/FourLeg/393.off,FourLeg,0.0306,0.966,0.39875820295772557,0.6362056763131307,0.5174819396354282
100,./normalized-psb-db/Vase/369.off,Vase,0.0268,1.0728,0.4765766244510579,0.5584999370708404,0.5175382807609492
77,./normalized-psb-db/Plier/211.off,Plier,0.0244,1.1402,0.52568675187288,0.5094226280757097,0.5175546899742949
348,./normalized-psb-db/Armadillo/287.off,Armadillo,0.0242,1.1555,0.5368348965250147,0.5053328523261155,0.521083874425565
350,./normalized-psb-db/Armadillo/292.off,Armadillo,0.0241,1.1585,0.5390208072411196,0.5032879644513183,0.5211543858462189
254,./normalized-psb-db/Bust/310.off,Bust,0.025,1.1341,0.5212420667501335,0.5216919553244924,0.521467011037313
90,./normalized-psb-db/Chair/117.off,Chair,0.0243,1.1602,0.5402594899802455,0.5073777402009125,0.523818615090579
69,./normalized-psb-db/Plier/203.off,Plier,0.0245,1.1568,0.5377821245019935,0.5114675159505068,0.5246248202262501
227,./normalized-psb-db/Octopus/126.off,Octopus,0.028,1.0595,0.4668857536096599,0.5830385915684059,0.5249621725890329
257,./normalized-psb-db/Bust/306.off,Bust,0.0266,1.0993,0.4958855024433173,0.5544101613212462,0.5251478318822818
87,./normalized-psb-db/Chair/114.off,Chair,0.0302,1.003,0.4257177684563519,0.6280261248139424,0.5268719466351471
82,./normalized-psb-db/Chair/109.off,Chair,0.0262,1.1168,0.5086366482872623,0.5462306098220577,0.52743362905466
103,./normalized-psb-db/Vase/378.off,Vase,0.0205,1.2768,0.625218553146187,0.4296720009586222,0.5274452770524046
197,./normalized-psb-db/Table/148.off,Table,0.0304,1.0097,0.43059963572231946,0.6321159005635366,0.531357768142928
116,./normalized-psb-db/Vase/371.off,Vase,0.0282,1.0759,0.47883539885769966,0.587128367318,0.5329818830878499
354,./normalized-psb-db/Armadillo/285.off,Armadillo,0.0264,1.1313,0.5192018834151023,0.550320385571652,0.5347611344933771
118,./normalized-psb-db/Vase/364.off,Vase,0.0286,1.0713,0.47548366909300543,0.5953079188171885,0.535395793955097
204,./normalized-psb-db/Airplane/79.off,Airplane,0.0262,1.141,0.5262696613971746,0.5462306098220577,0.5362501356096161
180,./normalized-psb-db/Table/157.off,Table,0.0298,1.04,0.45267733395497833,0.6198465733147539,0.5362619536348661
233,./normalized-psb-db/Octopus/124.off,Octopus,0.0267,1.1336,0.5208777482974493,0.5564550491960434,0.5386663987467464
68,./normalized-psb-db/Plier/217.off,Plier,0.0254,1.1837,0.5573824572564001,0.5298715068236808,0.5436269820400405
292,./normalized-psb-db/Mech/327.off,Mech,0.0238,1.2326,0.593012801928909,0.497153300826927,0.545083051377918
312,./normalized-psb-db/Human/14.off,Human,0.0298,1.068,0.4730791673052902,0.6198465733147539,0.546462870310022
56,./normalized-psb-db/Cup/28.off,Cup,0.0247,1.2114,0.5775656995351015,0.515557291700101,0.5465614956176013
35,./normalized-psb-db/Hand/189.off,Hand,0.0243,1.2238,0.5866007971616682,0.5073777402009125,0.5469892686812904
73,./normalized-psb-db/Plier/206.off,Plier,0.0264,1.1669,0.5451413572462132,0.550320385571652,0.5477308714089326
236,./normalized-psb-db/Octopus/129.off,Octopus,0.0248,1.2128,0.5785857912026172,0.5176021795748981,0.5480939853887576
179,./normalized-psb-db/FourLeg/398.off,FourLeg,0.0285,1.1118,0.5049934637604208,0.5932630309423914,0.5491282473514061
357,./normalized-psb-db/Armadillo/300.off,Armadillo,0.0265,1.1693,0.5468900858190969,0.552365273446449,0.549627679632773
191,./normalized-psb-db/Table/152.off,Table,0.0293,1.0937,0.4918051357732549,0.6096221339407684,0.5507136348570116
41,./normalized-psb-db/Cup/21.off,Cup,0.0253,1.2078,0.5749426066757757,0.5278266189488837,0.5513846128123296
95,./normalized-psb-db/Chair/106.off,Chair,0.0273,1.1522,0.5344303947372993,0.568724376444826,0.5515773855910626
299,./normalized-psb-db/Mech/338.off,Mech,0.0238,1.2742,0.6233240971922295,0.497153300826927,0.5602386990095782
238,./normalized-psb-db/Octopus/138.off,Octopus,0.0241,1.2683,0.6190251394505567,0.5032879644513183,0.5611565519509375
121,./normalized-psb-db/Glasses/42.off,Glasses,0.0295,1.1171,0.5088552393588727,0.6137119096903625,0.5612835745246176
113,./normalized-psb-db/Vase/372.off,Vase,0.0222,1.3238,0.6594644876984963,0.46443509483017315,0.5619497912643348
49,./normalized-psb-db/Cup/32.off,Cup,0.0241,1.277,0.6253642805272607,0.5032879644513183,0.5643261224892895
48,./normalized-psb-db/Cup/33.off,Cup,0.0246,1.2641,0.6159648644480099,0.5135124038253039,0.5647386341366569
156,./normalized-psb-db/Bird/260.off,Bird,0.0255,1.2423,0.6000805799109814,0.531916394698478,0.5659984873047297
74,./normalized-psb-db/Plier/207.off,Plier,0.0276,1.1848,0.5581839578523053,0.5748590400692173,0.5665214989607613
365,./normalized-psb-db/Teddy/176.off,Teddy,0.0256,1.2428,0.6004448983636654,0.5339612825732751,0.5672030904684703
256,./normalized-psb-db/Bust/312.off,Bust,0.029,1.1856,0.5587668673765999,0.603487470316377,0.5811271688464884
57,./normalized-psb-db/Cup/29.off,Cup,0.0266,1.2616,0.6141432721845892,0.5544101613212462,0.5842767167529177
47,./normalized-psb-db/Cup/27.off,Cup,0.0265,1.2683,0.6190251394505567,0.552365273446449,0.5856952064485028
231,./normalized-psb-db/Octopus/131.off,Octopus,0.0285,1.2266,0.5886409804966993,0.5932630309423914,0.5909520057195454
54,./normalized-psb-db/Cup/31.off,Cup,0.0259,1.3035,0.6446731585195202,0.5400959461976664,0.5923845523585933
253,./normalized-psb-db/Bust/311.off,Bust,0.0317,1.153,0.535013304261594,0.658699442935899,0.5968563735987464
61,./normalized-psb-db/Plier/220.off,Plier,0.0257,1.3216,0.6578614865066861,0.5360061704480722,0.5969338284773791
155,./normalized-psb-db/Bird/248.off,Bird,0.0293,1.2229,0.5859450239468368,0.6096221339407684,0.5977835789438026
78,./normalized-psb-db/Plier/210.off,Plier,0.0303,1.2078,0.5749426066757757,0.6300710126887394,0.6025068096822576
223,./normalized-psb-db/Octopus/123.off,Octopus,0.0287,1.2563,0.6102814965861373,0.5973528066919856,0.6038171516390615
55,./normalized-psb-db/Cup/40.off,Cup,0.0256,1.348,0.6770975008084087,0.5339612825732751,0.605529391690842
241,./normalized-psb-db/Bust/320.off,Bust,0.0274,1.3089,0.6486077978085087,0.5707692643196232,0.609688531064066
159,./normalized-psb-db/Bird/258.off,Bird,0.0325,1.1681,0.546015721532655,0.675058545934276,0.6105371337334655
173,./normalized-psb-db/FourLeg/386.off,FourLeg,0.0312,1.2213,0.5847792048982475,0.6484750035619135,0.6166271042300805
258,./normalized-psb-db/Bust/307.off,Bust,0.0268,1.3455,0.6752759085449879,0.5584999370708404,0.6168879228079142
242,./normalized-psb-db/Bust/308.off,Bust,0.0289,1.2954,0.6387711995860371,0.6014425824415798,0.6201068910138084
356,./normalized-psb-db/Armadillo/289.off,Armadillo,0.0288,1.3017,0.6433616120898573,0.5993976945667827,0.62137965332832
117,./normalized-psb-db/Vase/365.off,Vase,0.027,1.354,0.6814693222406183,0.5625897128204347,0.6220295175305265
52,./normalized-psb-db/Cup/24.off,Cup,0.0294,1.2951,0.6385526085144265,0.6116670218155654,0.625109815164996
43,./normalized-psb-db/Cup/22.off,Cup,0.03,1.2864,0.6322134674377226,0.6239363490643481,0.6280749082510353
50,./normalized-psb-db/Cup/26.off,Cup,0.0259,1.4025,0.7168082121509799,0.5400959461976664,0.6284520791743231
232,./normalized-psb-db/Octopus/125.off,Octopus,0.0368,1.1067,0.5012774155430426,0.762988724550552,0.6321330700467973
136,./normalized-psb-db/Glasses/48.off,Glasses,0.0364,1.1236,0.5135913792437665,0.7548091730513635,0.634200276147565
183,./normalized-psb-db/Table/156.off,Table,0.0319,1.2574,0.6110829971820425,0.6627892186854932,0.6369361079337679
166,./normalized-psb-db/FourLeg/394.off,FourLeg,0.0302,1.3197,0.6564770763864863,0.6280261248139424,0.6422516006002144
283,./normalized-psb-db/Mech/337.off,Mech,0.029,1.3563,0.6831451871229653,0.603487470316377,0.6433163287196711
62,./normalized-psb-db/Plier/208.off,Plier,0.0321,1.27,0.6202638221896828,0.6668789944350875,0.6435714083123851
45,./normalized-psb-db/Cup/37.off,Cup,0.0284,1.3819,0.7017982919003932,0.5912181430675943,0.6465082174839938
59,./normalized-psb-db/Cup/38.off,Cup,0.0339,1.2408,0.5989876245529289,0.7036869761814356,0.6513373003671823
294,./normalized-psb-db/Mech/332.off,Mech,0.0263,1.4549,0.7549887859922778,0.5482754976968549,0.6516321418445663
63,./normalized-psb-db/Plier/218.off,Plier,0.0313,1.3212,0.6575700317445387,0.6505198914367106,0.6540449615906246
278,./normalized-psb-db/Bearing/359.off,Bearing,0.0337,1.258,0.6115201793252634,0.6995972004318414,0.6555586898785524
222,./normalized-psb-db/Octopus/135.off,Octopus,0.0331,1.2942,0.6378968352995952,0.6873278731830587,0.6626123542413269
64,./normalized-psb-db/Plier/219.off,Plier,0.0301,1.3861,0.7048585669029401,0.6259812369391452,0.6654199019210427
349,./normalized-psb-db/Armadillo/286.off,Armadillo,0.0325,1.319,0.6559670305527284,0.675058545934276,0.6655127882435022
279,./normalized-psb-db/Bearing/358.off,Bearing,0.0349,1.2608,0.6135603626602946,0.7241358549294068,0.6688481087948507
193,./normalized-psb-db/Table/147.off,Table,0.0393,1.1463,0.5301314369956266,0.8141109214204798,0.6721211792080533
355,./normalized-psb-db/Armadillo/288.off,Armadillo,0.0324,1.341,0.6719970424708306,0.6730136580594789,0.6725053502651548
42,./normalized-psb-db/Cup/34.off,Cup,0.03,1.4087,0.7213257609642633,0.6239363490643481,0.6726310550143058
132,./normalized-psb-db/Glasses/47.off,Glasses,0.0203,1.6898,0.9261455950632866,0.42558222520902794,0.6758639101361573
60,./normalized-psb-db/Plier/209.off,Plier,0.034,1.3205,0.6570599859107809,0.7057318640562328,0.6813959249835069
186,./normalized-psb-db/Table/141.off,Table,0.0344,1.3237,0.6593916240079595,0.7139114155554211,0.6866515197816903
290,./normalized-psb-db/Mech/325.off,Mech,0.0272,1.5265,0.8071591884166466,0.5666794885700288,0.6869193384933376
196,./normalized-psb-db/Table/160.off,Table,0.0352,1.3136,0.6520323912637398,0.7302705185537981,0.691151454908769
289,./normalized-psb-db/Mech/331.off,Mech,0.0299,1.4749,0.7695615240996434,0.621891461189551,0.6957264926445972
298,./normalized-psb-db/Mech/339.off,Mech,0.0299,1.4749,0.7695615240996434,0.621891461189551,0.6957264926445972
194,./normalized-psb-db/Table/153.off,Table,0.033,1.3972,0.712946436552528,0.6852829853082616,0.6991147109303948
130,./normalized-psb-db/Glasses/45.off,Glasses,0.0412,1.1723,0.5490759965352017,0.852963791041625,0.7010198937884133
358,./normalized-psb-db/Armadillo/299.off,Armadillo,0.0354,1.3511,0.6793562752150503,0.7343602943033923,0.7068582847592213
291,./normalized-psb-db/Mech/333.off,Mech,0.0308,1.4971,0.7857372633988192,0.6402954520627251,0.7130163577307722
249,./normalized-psb-db/Bust/314.off,Bust,0.0361,1.3621,0.6873712811741014,0.7486745094269721,0.7180228953005368
40,./normalized-psb-db/Cup/35.off,Cup,0.0389,1.286,0.6319220126755752,0.8059313699212913,0.7189266912984333
44,./normalized-psb-db/Cup/36.off,Cup,0.0278,1.6,0.8607140009612153,0.5789488158188115,0.7198314083900135
192,./normalized-psb-db/Table/146.off,Table,0.0371,1.3632,0.6881727817700064,0.7691233881749433,0.7286480849724748
127,./normalized-psb-db/Glasses/44.off,Glasses,0.0438,1.2074,0.5746511519136285,0.90613087578635,0.7403910138499892
297,./normalized-psb-db/Mech/329.off,Mech,0.0294,1.6362,0.887090656935547,0.6116670218155654,0.7493788393755563
58,./normalized-psb-db/Cup/39.off,Cup,0.0278,1.6905,0.9266556408970444,0.5789488158188115,0.752802228357928
189,./normalized-psb-db/Table/150.off,Table,0.037,1.4408,0.744715005626585,0.7670785003001461,0.7558967529633656
296,./normalized-psb-db/Mech/328.off,Mech,0.0309,1.6634,0.9069095807615641,0.6423403399375222,0.7746249603495432
282,./normalized-psb-db/Mech/323.off,Mech,0.0312,1.666,0.9088040367155217,0.6484750035619135,0.7786395201387175
284,./normalized-psb-db/Mech/321.off,Mech,0.0295,1.7222,0.949753430797219,0.6137119096903625,0.7817326702437908
288,./normalized-psb-db/Mech/330.off,Mech,0.0299,1.7135,0.943414289720515,0.621891461189551,0.782652875455033
53,./normalized-psb-db/Cup/25.off,Cup,0.034,1.6081,0.8666159598946983,0.7057318640562328,0.7861739119754656
293,./normalized-psb-db/Mech/326.off,Mech,0.0324,1.6821,0.920535090891951,0.6730136580594789,0.796774374475715
285,./normalized-psb-db/Mech/335.off,Mech,0.0317,1.7222,0.949753430797219,0.658699442935899,0.804226436866559
120,./normalized-psb-db/Glasses/56.off,Glasses,0.0436,1.3924,0.7094489794067603,0.9020411000367557,0.805745039721758
281,./normalized-psb-db/Mech/322.off,Mech,0.0308,1.7628,0.9793360891551711,0.6402954520627251,0.8098157706089482
199,./normalized-psb-db/Table/159.off,Table,0.0385,1.5606,0.8320057068897049,0.7977518184221029,0.8148787626559039
51,./normalized-psb-db/Cup/30.off,Cup,0.0484,1.3551,0.6822708228365233,1.0001957180270171,0.8412332704317702
184,./normalized-psb-db/Table/154.off,Table,0.0461,1.5367,0.814591284851403,0.9531632969066837,0.8838772908790433
126,./normalized-psb-db/Glasses/54.off,Glasses,0.0489,1.4683,0.7647525205242127,1.0104201574010028,0.8875863389626077
124,./normalized-psb-db/Glasses/41.off,Glasses,0.0488,1.4742,0.7690514782658855,1.0083752695262058,0.8887133738960457
128,./normalized-psb-db/Glasses/50.off,Glasses,0.0496,1.4817,0.7745162550561476,1.0247343725245828,0.8996253137903651
187,./normalized-psb-db/Table/145.off,Table,0.0501,1.4689,0.7651897026674337,1.0349588118985682,0.900074257283001
123,./normalized-psb-db/Glasses/57.off,Glasses,0.0511,1.4798,0.7731318449359479,1.0554076906465393,0.9142697677912436
295,./normalized-psb-db/Mech/340.off,Mech,0.036,2.0358,1.1782539643207117,0.7466296215521749,0.9624417929364433
286,./normalized-psb-db/Mech/334.off,Mech,0.0363,2.0358,1.1782539643207117,0.7527642851765664,0.965509124748639
188,./normalized-psb-db/Table/151.off,Table,0.0512,1.6898,0.9261455950632866,1.0574525785213367,0.9917990867923117
198,./normalized-psb-db/Table/158.off,Table,0.0578,1.763,0.9794818165362448,1.1924151782579462,1.0859484973970954
