,filename,path,category,num_faces,num_vertices,faces_type,axis_aligned_bounding_box,boundingbox_diagonal,is_out,centroid,centroid_to_origin,boundingbox_distance,area
108.off,108.off,./normalized/108.off,normalized,21008,10500,triangles,[1.03380818 0.50426188 0.57191846],1.2845739028417524,False,[-3.09506734e-12 -2.34246232e-12 -2.43306329e-13],3.889186231483777e-12,0.025589980291449557,1.1284627922161585
134.off,134.off,./normalized/134.off,normalized,21860,10932,triangles,[0.99524106 0.76316737 0.60140068],1.3909032959669096,False,[ 2.77139578e-13 -6.87815618e-13 -1.35145815e-13],7.537645927560578e-13,0.016772465473972833,1.1061320896951474
120.off,120.off,./normalized/120.off,normalized,20242,10121,triangles,[1.04488332 0.45441266 0.48181496],1.2371005130817527,False,[ 4.95603657e-13  4.46190138e-13 -3.30910852e-13],7.4445323317837e-13,0.05426915559506311,0.9536900259911211
35.off,35.off,./normalized/35.off,normalized,30268,15136,triangles,[1.00211663 0.65164178 0.62510801],1.348938391444666,False,[6.86442334e-14 2.45393108e-13 1.25126423e-12],1.2769463512306624e-12,0.046888286104527464,2.663571806600083
21.off,21.off,./normalized/21.off,normalized,30396,15198,triangles,[1.00500957 0.74466749 0.7075176 ],1.4370647340913785,False,[-6.47588063e-13  2.14581009e-12  6.37857947e-13],2.330393529828398e-12,0.11112450153092322,3.0865907951962854
336.off,336.off,./normalized/336.off,normalized,31006,15505,triangles,[1.03700163 0.80856285 0.81865513],1.54898111050734,False,[-8.41177139e-13 -5.84957641e-13 -1.67456631e-13],1.0381696120252177e-12,0.16255057310682067,2.015642404200509
322.off,322.off,./normalized/322.off,normalized,29978,14991,triangles,[1.00148922 0.88839136 0.89003123],1.6075992855217307,False,[-1.22639873e-12  8.07040264e-13  7.74039041e-13],1.6596699308680808e-12,0.07000922003002731,3.6443621182297745
242.off,242.off,./normalized/242.off,normalized,15694,7849,triangles,[1.00000862 0.69214687 0.41106541],1.2837676174730157,False,[-2.08165284e-12 -4.48107496e-14  6.36135666e-13],2.177143797673863e-12,0.0656933081756553,0.8566619755092995
256.off,256.off,./normalized/256.off,normalized,11936,5970,triangles,[1.13011953 0.99161767 0.24499455],1.5233181210297286,False,[ 3.78806418e-12 -3.78563579e-12  2.72653612e-13],5.362351032614941e-12,0.07732262205231244,0.6932489242008186
281.off,281.off,./normalized/281.off,normalized,50542,25273,triangles,[1.2430755  1.11681606 0.56014272],1.7624626755615371,False,[-6.00878423e-14 -1.20976565e-12 -1.34250160e-13],1.2186741057961746e-12,0.09110523712732632,1.727178983487675
295.off,295.off,./normalized/295.off,normalized,33556,16780,triangles,[1.13514057 0.80630113 0.61956207],1.5239825371471072,False,[ 3.50175624e-12  1.79169223e-12 -3.85894973e-13],3.952388234434742e-12,0.12846228195208423,1.3711825305354544
294.off,294.off,./normalized/294.off,normalized,32998,16501,triangles,[1.03991105 0.38542547 0.36803109],1.1685095934436458,False,[-3.96778837e-12 -1.14588519e-12 -5.41226148e-13],4.165251871289595e-12,0.028152325397358152,0.6825012988751188
257.off,257.off,./normalized/257.off,normalized,17064,8534,triangles,[1.00023657 0.49682598 0.14566395],1.1262891478112167,False,[-4.44328956e-13 -9.18085882e-12  1.12768758e-12],9.26052245821688e-12,0.032882573757297376,0.5279386913701286
243.off,243.off,./normalized/243.off,normalized,25248,12626,triangles,[0.9999992  0.35551701 0.14226715],1.0708084311815407,False,[ 8.25713629e-14 -2.26108036e-13  9.70880153e-14],2.5955530542016445e-13,0.026436479135128386,0.35032514878738935
323.off,323.off,./normalized/323.off,normalized,29978,14991,triangles,[1.0027938  0.99426542 0.99203776],1.725774624607531,False,[-2.87584381e-12  1.82092367e-12  5.27650299e-13],3.444510920756595e-12,0.07084791883082797,3.6312647886315146
337.off,337.off,./normalized/337.off,normalized,23062,11533,triangles,[1.00325597 1.01504647 0.6115165 ],1.552673278628674,False,[-1.92742528e-12 -4.96047129e-13  7.24117523e-14],1.9915507621083304e-12,0.022608520411481172,2.8642395912607923
20.off,20.off,./normalized/20.off,normalized,31396,15700,triangles,[1.00098629 0.57343573 0.18974278],1.1691041060903622,False,[-2.49098045e-12 -1.92398703e-12 -6.36235193e-14],3.1481355854710583e-12,0.02427844873254349,0.5791278960787034
34.off,34.off,./normalized/34.off,normalized,19204,9602,triangles,[1.07330136 1.05088011 0.7983722 ],1.701094640356036,False,[ 6.87206921e-13  5.72785421e-13 -6.89953694e-13],1.1297666086222504e-12,0.046297208942905094,4.502097181019214
121.off,121.off,./normalized/121.off,normalized,11888,5944,triangles,[0.99139006 0.66319023 0.29262238],1.228130042514643,False,[ 1.28636563e-12 -6.94065453e-13 -1.42553508e-12],2.041718306792936e-12,0.057876540361162104,0.5796290700273597
135.off,135.off,./normalized/135.off,normalized,30398,15201,triangles,[1.01543731 0.81938394 0.83799153],1.550720081936136,False,[-1.61954908e-12 -1.44556128e-12 -4.28665720e-14],2.1712724797156736e-12,0.038332583327051375,1.6534063650974704
109.off,109.off,./normalized/109.off,normalized,20602,10301,triangles,[1.15456391 0.61665387 0.78850366],1.5280765160380212,False,[-4.52725522e-12  1.25619239e-12 -2.81727893e-13],4.706743011492369e-12,0.18158512303662624,1.003630704498686
123.off,123.off,./normalized/123.off,normalized,30982,15493,triangles,[1.06211956 1.00377494 0.86413523],1.6977608195191183,False,[ 3.47003836e-12  2.58728077e-12 -1.71101040e-12],4.6543253658129425e-12,0.09874867672902818,1.62623656504839
137.off,137.off,./normalized/137.off,normalized,18244,9124,triangles,[1.12193592 1.1660576  0.66538387],1.749618879447474,False,[-7.91782686e-12 -1.13100184e-12 -1.40155958e-12],8.12006875077616e-12,0.17821214496781013,0.9413449623378205
22.off,22.off,./normalized/22.off,normalized,30004,15002,triangles,[1.00541974 0.76373618 0.78570194],1.4871077111299456,False,[-1.41438558e-14  1.51252512e-12  2.78855740e-12],3.172378393225334e-12,0.07372274940187978,3.6815366490692765
36.off,36.off,./normalized/36.off,normalized,18152,9076,triangles,[0.91943124 0.89736839 0.64493804],1.4375565753092856,False,[ 1.11604492e-12  1.39965414e-12 -2.41385562e-13],1.8063374505398164e-12,0.03881678075829658,3.4115790621720743
309.off,309.off,./normalized/309.off,normalized,10390,5197,triangles,[1.17642619 0.79126272 0.89310118],1.6756207733383528,False,[-1.72307666e-12  8.45025044e-13 -2.34526252e-12],3.030398787490724e-12,0.03255118250853554,2.7028555869742124
321.off,321.off,./normalized/321.off,normalized,29986,14995,triangles,[1.01400018 0.86811814 0.87749613],1.5974432428433523,False,[-1.04329674e-12 -8.57445630e-13  7.19425898e-13],1.5301159160648126e-12,0.06700687597227889,3.6556448360408402
335.off,335.off,./normalized/335.off,normalized,29986,14995,triangles,[1.01400018 0.86812506 0.87750289],1.5974507243706038,False,[-1.08104978e-12  3.37557377e-13  4.88732873e-13],1.2334802087699989e-12,0.0670069064234348,3.655643669399251
255.off,255.off,./normalized/255.off,normalized,10104,5054,triangles,[1.00001385 0.54956165 0.27058557],1.1727157653077422,False,[-8.05695401e-13  1.93372254e-13 -2.39736787e-13],8.62561090466005e-13,0.020545841241662508,0.5284899775393835
241.off,241.off,./normalized/241.off,normalized,27808,13906,triangles,[0.99997247 0.69794647 0.14409184],1.2279400155254159,False,[-1.62637019e-12 -1.71126538e-12 -6.92032406e-14],2.361842138611492e-12,0.06596421807436971,0.3522131616022415
296.off,296.off,./normalized/296.off,normalized,31660,15832,triangles,[1.02734917 0.68440088 0.4617879 ],1.3179904904642223,False,[-1.94853515e-12 -1.75435041e-12 -3.49390702e-13],2.645110293161723e-12,0.06449723875273532,1.401237193176363
282.off,282.off,./normalized/282.off,normalized,48942,24473,triangles,[1.04857107 0.6359203  0.48984132],1.320545505986543,False,[-8.69876319e-13 -1.53832817e-12 -4.16056226e-13],1.8155553303380276e-12,0.05690092151911853,1.253195153885267
283.off,283.off,./normalized/283.off,normalized,48964,24484,triangles,[1.0358166  0.46197577 0.3625341 ],1.1907008937219126,False,[-2.39487770e-12  1.33819911e-12 -9.30577856e-13],2.8969278889627783e-12,0.03618143839767263,0.7394082071420353
297.off,297.off,./normalized/297.off,normalized,30626,15315,triangles,[1.23627828 0.88769503 0.78422098],1.7121299571115594,False,[-4.01300709e-13  2.53269808e-12 -8.18909326e-13],2.6918793275677355e-12,0.06366378040654848,2.1830052625916974
240.off,240.off,./normalized/240.off,normalized,13662,6833,triangles,[1.01951182 0.43653086 0.39559377],1.1774794985052732,False,[-6.77042076e-13 -7.68073015e-13 -5.56936509e-13],1.1655472551688467e-12,0.0704777783425807,0.7329866346058224
254.off,254.off,./normalized/254.off,normalized,7272,3638,triangles,[0.99999414 0.4765487  0.10462012],1.11266900700088,False,[ 7.68259952e-12 -3.02124298e-13 -1.95486112e-13],7.691022645390422e-12,0.03819354176072808,0.3810122489354586
334.off,334.off,./normalized/334.off,normalized,29990,14997,triangles,[1.03405179 1.03323178 0.70320753],1.6221380456606058,False,[-1.58471295e-12 -5.62296777e-13 -4.77560221e-14],1.6821930481010707e-12,0.0285820284930073,4.375947970215037
320.off,320.off,./normalized/320.off,normalized,54232,27118,triangles,[0.96065086 1.0035808  0.69247572],1.5522716039465605,False,[ 1.26174861e-12 -8.27059011e-13  1.09759454e-13],1.5126411661333496e-12,0.09165485154009824,2.3957135465211796
308.off,308.off,./normalized/308.off,normalized,47948,23976,triangles,[0.96239408 0.79955143 0.7363515 ],1.451791439287456,False,[-6.12510811e-13  7.59166708e-14  4.41364416e-14],6.187736741279899e-13,0.049753207905956096,2.515913498600443
37.off,37.off,./normalized/37.off,normalized,12540,6270,triangles,[1.01080584 0.807335   0.79089295],1.5162552260202513,False,[ 8.55239708e-13  1.56898662e-14 -7.78706278e-14],8.589208139212493e-13,0.0887154540286491,4.205576857641262
23.off,23.off,./normalized/23.off,normalized,30074,15037,triangles,[0.99699174 0.80617385 0.59580096],1.4138202097801935,False,[ 5.61438024e-13  3.14254036e-13 -2.29702892e-13],6.831776284867639e-13,0.07953037753412,2.6448347106281123
136.off,136.off,./normalized/136.off,normalized,28248,14126,triangles,[1.25751082 1.01546689 0.69925354],1.7610968061535757,False,[-5.35855106e-13  3.03936813e-12  2.84159011e-12],4.1951798139516905e-12,0.04566323495127107,1.5486126670306808
122.off,122.off,./normalized/122.off,normalized,14498,7251,triangles,[0.99958155 0.8311216  0.36186895],1.3493982100759023,False,[-1.67900916e-12  2.77374133e-12 -3.08812901e-13],3.2570044776397152e-12,0.04882529550111368,0.7148460681129809
126.off,126.off,./normalized/126.off,normalized,12646,6325,triangles,[1.03691173 0.92987026 0.47579394],1.4718099429396094,False,[-3.20512543e-12 -6.70505392e-13  3.87233324e-13],3.2973256081160243e-12,0.01854311195485747,0.5773018160060365
132.off,132.off,./normalized/132.off,normalized,15620,7812,triangles,[0.99983489 0.29863301 0.26682494],1.0770547949041436,False,[ 4.78527760e-12 -1.17362754e-13 -2.67297138e-12],5.482465839300098e-12,0.06628450740409367,0.6972317794681215
27.off,27.off,./normalized/27.off,normalized,30274,15137,triangles,[1.12760545 1.00624324 0.7337567 ],1.6800054809722338,False,[-1.50063610e-12 -4.36757911e-13 -1.15987974e-12],1.946275209026426e-12,0.05666000188084371,4.379815583507743
33.off,33.off,./normalized/33.off,normalized,14698,7349,triangles,[1.00127437 0.81687238 0.80091095],1.520292470523704,False,[-1.95718644e-13  1.59753575e-12  8.93160068e-13],1.8406958358500926e-12,0.08019394939155218,3.5632142493481376
324.off,324.off,./normalized/324.off,normalized,29620,14812,triangles,[1.35151594 1.36150053 1.02860105],2.1767634549565273,False,[-1.15360627e-13 -2.52102743e-12 -4.68727851e-13],2.5668255060783983e-12,0.01749749319897877,4.4895783263460975
330.off,330.off,./normalized/330.off,normalized,29996,15000,triangles,[1.00193593 1.01668638 1.01684502],1.7525697131101903,False,[-1.22224254e-12 -6.66454324e-13 -1.55984638e-14],1.3922217869785841e-12,0.0691868838901238,3.651420549447705
318.off,318.off,./normalized/318.off,normalized,50286,25145,triangles,[1.16106962 0.71070437 0.58771051],1.4827632994404878,False,[-7.42220188e-13  1.74653039e-12  1.03059253e-13],1.9004947793047457e-12,0.08160047109390517,2.085029935937588
250.off,250.off,./normalized/250.off,normalized,8556,4280,triangles,[1.00009598 0.70703733 0.09930236],1.2288021448538908,False,[ 9.58758400e-12  5.19439309e-12 -8.25453035e-13],1.0935486233771112e-11,0.05095779021833603,0.46155993635947995
244.off,244.off,./normalized/244.off,normalized,8998,4501,triangles,[1.00001665 0.4659836  0.14747695],1.113069385130936,False,[1.84511903e-12 1.76864980e-12 3.20810860e-13],2.5759475856315092e-12,0.05233566160085456,0.4498430118646637
293.off,293.off,./normalized/293.off,normalized,29996,15000,triangles,[1.07337169 0.63898251 0.4942891 ],1.3434087733384896,False,[ 1.71200761e-12 -1.22286741e-12  1.72461746e-12],2.7204191143726405e-12,0.06881710752852306,1.1897680221714737
287.off,287.off,./normalized/287.off,normalized,50978,25491,triangles,[1.13276664 0.88623292 0.67576621],1.5890969197498286,False,[-2.74706416e-12  3.47471290e-12 -9.55849072e-13],4.531405818171519e-12,0.039747223710402554,1.9300485964896195
286.off,286.off,./normalized/286.off,normalized,50212,25108,triangles,[1.10674717 0.94215979 0.92280766],1.721664410130481,False,[ 6.12113536e-13 -2.06667548e-12 -9.99337717e-13],2.375816991100179e-12,0.1323836447383621,2.5508983983939313
292.off,292.off,./normalized/292.off,normalized,43544,21774,triangles,[1.16507945 1.03606827 0.58498147],1.6652480015180327,False,[ 3.91599604e-13 -1.16092196e-12  2.65486632e-12],2.923936591436799e-12,0.07296552654018768,1.743573824033791
245.off,245.off,./normalized/245.off,normalized,12946,6475,triangles,[0.99998248 0.67921292 0.3960482 ],1.2720649893088167,False,[-2.19537436e-12 -5.19850376e-13  7.32378775e-13],2.371980540061917e-12,0.07338483095151244,0.7359258566801579
251.off,251.off,./normalized/251.off,normalized,25248,12626,triangles,[0.9999992  0.35551701 0.14226715],1.0708084311815407,False,[ 8.25713629e-14 -2.26108036e-13  9.70880153e-14],2.5955530542016445e-13,0.026436479135128386,0.35032514878738935
319.off,319.off,./normalized/319.off,normalized,53112,26558,triangles,[0.99767073 0.6367721  0.50841717],1.2881434735565782,False,[ 1.15452870e-12 -8.60054228e-13 -2.64773641e-13],1.4638083480184025e-12,0.012608246502908661,1.6531059587687178
331.off,331.off,./normalized/331.off,normalized,29996,15000,triangles,[1.01089937 0.88341183 0.89372464],1.6127857073791017,False,[ 2.16326923e-12 -1.89124365e-12  1.86613268e-12],3.4262205826434625e-12,0.08952129683697435,3.2635272133673023
325.off,325.off,./normalized/325.off,normalized,29994,14999,triangles,[1.00457187 0.86932454 0.8636021 ],1.5845183466028356,False,[ 1.35051329e-12  1.15793400e-12 -1.24621370e-12],2.172037263872243e-12,0.09449588105338148,3.042929750114854
32.off,32.off,./normalized/32.off,normalized,29502,14751,triangles,[1.17585204 1.02513251 0.72866576],1.721766087711512,False,[-1.61368124e-12  6.25642636e-13  8.85560767e-13],1.9441228668388402e-12,0.08147656025474657,4.464563722865507
26.off,26.off,./normalized/26.off,normalized,30418,15209,triangles,[1.13680502 1.03250248 0.67104606],1.6759146306154074,False,[-8.52089191e-13 -1.49860896e-12  6.26026425e-14],1.7250518571773493e-12,0.062357896271391405,4.432367027649089
133.off,133.off,./normalized/133.off,normalized,20932,10466,triangles,[0.86948245 1.05390157 0.50645292],1.4571214123474943,False,[ 2.25419729e-12  4.16244608e-12 -5.60750971e-13],4.766739393642953e-12,0.08139234734561424,1.0372660585555327
127.off,127.off,./normalized/127.off,normalized,23808,11906,triangles,[1.06087742 1.03045196 0.54480999],1.5761059802994049,False,[4.43814847e-13 1.35377310e-12 6.97735721e-13],1.5863506468142445e-12,0.10716646014732227,1.2834212604201323
131.off,131.off,./normalized/131.off,normalized,22098,11051,triangles,[1.02739792 1.01568463 0.79826164],1.6505706320602263,False,[-3.50119610e-12 -2.69273027e-12 -1.81348406e-12],4.774714114283286e-12,0.04683434361501959,1.3424749359385895
125.off,125.off,./normalized/125.off,normalized,10728,5366,triangles,[0.96905459 1.03701308 0.69534981],1.5804981103227427,False,[1.00433327e-11 3.38964859e-12 3.51783736e-12],1.1168412103263386e-11,0.06041504912875085,0.8843284944185474
119.off,119.off,./normalized/119.off,normalized,24652,12326,triangles,[1.09337532 0.7516869  0.56054976],1.440388430886968,False,[-4.99492788e-12 -7.07944202e-13  5.56576980e-13],5.0754573669639145e-12,0.07210262673918372,1.1384853577678775
18.off,18.off,./normalized/18.off,normalized,30766,15385,triangles,[1.10421081 0.44316004 0.46050029],1.2758263405590362,False,[ 1.31953837e-13 -2.02149866e-13 -9.98472965e-13],1.027241279279217e-12,0.03827497829931734,1.0987006451355357
30.off,30.off,./normalized/30.off,normalized,30008,15006,triangles,[1.00519414 0.75823051 0.75809202],1.4697048235591497,False,[ 2.60547159e-12  1.39365647e-12 -4.99356006e-14],2.955207966834612e-12,0.12042296196566876,2.0341880103907046
24.off,24.off,./normalized/24.off,normalized,30492,15246,triangles,[1.00088624 0.75260144 0.7896525 ],1.4804503594082743,False,[-7.11165596e-13  1.74987887e-13  6.78812632e-14],7.355169145321294e-13,0.06788812290063788,3.6282900489738443
333.off,333.off,./normalized/333.off,normalized,29880,14942,triangles,[1.02931425 0.71929913 0.67967241],1.4278773208882263,False,[-5.66943578e-13 -1.16438211e-13 -1.82122887e-12],1.9109833769756744e-12,0.08674002889921763,3.278814183943992
327.off,327.off,./normalized/327.off,normalized,29870,14937,triangles,[1.19803536 1.21225748 0.67669032],1.8337848055512698,False,[-1.01566046e-12 -1.89599231e-13  1.58194189e-12],1.8894587045903907e-12,0.06627009527126293,3.3694669783468525
247.off,247.off,./normalized/247.off,normalized,11034,5519,triangles,[1.00229818 0.49615199 0.37845244],1.1806755217460156,False,[-1.20730229e-12 -1.42547562e-13 -9.53591819e-13],1.5450682807135661e-12,0.08567858535051151,0.605303768021913
253.off,253.off,./normalized/253.off,normalized,12324,6164,triangles,[1.00113137 0.88148036 0.23486721],1.354412884270173,False,[-2.97952626e-12 -3.18082793e-14  1.20841977e-12],3.215410840045855e-12,0.060474649622148824,0.6645210168822805
284.off,284.off,./normalized/284.off,normalized,50984,25494,triangles,[1.13617627 0.85600848 0.68531557],1.5790200967065786,False,[-1.12671635e-12  2.23822069e-14  2.48760444e-12],2.7309644037323363e-12,0.15235578829666274,1.64580129044073
290.off,290.off,./normalized/290.off,normalized,50858,25431,triangles,[1.26490445 0.80806307 0.6440031 ],1.6333062096251116,False,[-1.86924179e-12 -1.85008135e-12  2.38922358e-12],3.5532035083895088e-12,0.0303783051922484,1.3450219884138244
291.off,291.off,./normalized/291.off,normalized,49226,24615,triangles,[1.01372086 0.47167406 0.46634772],1.2114398898586802,False,[ 4.25069198e-12 -9.35540319e-13  1.05771866e-12],4.479105574319045e-12,0.03891437183763581,1.1404778786432344
285.off,285.off,./normalized/285.off,normalized,50382,25193,triangles,[1.04748086 0.68372339 0.60416037],1.3891377119384127,False,[ 8.55351265e-13 -1.54414300e-12 -2.80302512e-12],3.312544821968145e-12,0.07736886196057638,1.5866088515880896
252.off,252.off,./normalized/252.off,normalized,12698,6351,triangles,[1.00047036 0.62989547 0.43537174],1.2598642002712996,False,[-1.00175027e-12  1.14111937e-12 -2.00142189e-12],2.5122393583869828e-12,0.0769746138119143,0.7338589604060279
246.off,246.off,./normalized/246.off,normalized,8434,4219,triangles,[1.00000799 0.30151058 0.25714964],1.0756628387973204,False,[ 3.71772476e-12 -9.77672683e-13  5.06360691e-13],3.877334445836221e-12,0.04920289381876764,0.42932053268717946
326.off,326.off,./normalized/326.off,normalized,29986,14995,triangles,[1.01405152 1.02063417 0.68472149],1.5933731835268186,False,[-6.79101151e-15  6.33248438e-13  9.77640660e-14],6.407866370894289e-13,0.06776822886596821,3.44229215660686
332.off,332.off,./normalized/332.off,normalized,29990,14997,triangles,[1.01042928 0.86406397 0.85315089],1.5796962735683855,False,[-2.87466851e-13 -1.79190300e-13 -3.99347742e-13],5.236649431075524e-13,0.08821195586671934,3.029375762553748
25.off,25.off,./normalized/25.off,normalized,30170,15087,triangles,[1.00314757 0.68597425 0.6746085 ],1.3899504886517666,False,[ 4.34927454e-13 -2.44020159e-13  2.11433239e-13],5.416749424970963e-13,0.019860672708823402,4.091692894824698
31.off,31.off,./normalized/31.off,normalized,30454,15227,triangles,[1.02425054 0.99597912 0.73534274],1.6067957312397865,False,[1.27978291e-14 5.25803139e-14 7.20209561e-13],7.222397704515328e-13,0.047042880320862825,3.4655160572846757
19.off,19.off,./normalized/19.off,normalized,30950,15477,triangles,[1.00155229 0.56188145 0.19380644],1.1646367239675568,False,[-5.58864288e-12 -1.23484734e-12 -3.46594823e-13],5.733925807430579e-12,0.02007723078381531,0.568274152537242
118.off,118.off,./normalized/118.off,normalized,18306,9153,triangles,[1.0904631  0.48555557 0.57079358],1.3231323817634006,False,[3.31060082e-12 1.86289918e-12 1.68656288e-12],4.156316337260385e-12,0.07922073564743294,0.8425746509491644
124.off,124.off,./normalized/124.off,normalized,24792,12398,triangles,[0.94205529 0.675834   0.43894923],1.2397161678747655,False,[ 4.41923686e-12 -5.26501488e-12  5.71396204e-12],8.9386463390662e-12,0.08374343865600907,0.21093408583416157
130.off,130.off,./normalized/130.off,normalized,15490,7747,triangles,[1.08200275 1.03717246 0.4589302 ],1.567505532920118,False,[ 3.78288093e-12  2.40076375e-12 -2.08804928e-12],4.943056190022549e-12,0.04596439115191042,0.7831305108060009
95.off,95.off,./normalized/95.off,normalized,14706,7355,triangles,[1.04035093 0.68231284 0.30535077],1.2810620415989737,False,[ 1.59278018e-12  1.07715392e-12 -3.91130105e-13],1.962190620399219e-12,0.043855551287829635,0.7737173274409052
81.off,81.off,./normalized/81.off,normalized,12736,6370,triangles,[1.00030731 0.54848539 0.40628881],1.2110002202985906,False,[6.54662195e-13 9.06351522e-13 3.81398456e-13],1.181321485639052e-12,0.0704811874684846,0.6544017319311202
157.off,157.off,./normalized/157.off,normalized,27762,13883,triangles,[1.00771496 1.00735609 0.40521493],1.481369260053415,False,[-2.94282370e-13 -2.52082820e-13 -8.72721393e-13],9.548772122776022e-13,0.14883599996733882,1.9041991671727687
143.off,143.off,./normalized/143.off,normalized,18536,9270,triangles,[1.000012   0.50702992 0.15757176],1.1322244422895311,False,[ 4.03214288e-12 -6.71431894e-13  6.43930716e-13],4.1380724675259144e-12,0.0613035419100899,0.9071909410258345
56.off,56.off,./normalized/56.off,normalized,17538,8771,triangles,[0.99451303 0.99971818 0.31046849],1.4439124914906183,False,[-2.47864085e-12  2.97978325e-13 -1.04246974e-12],2.7054010291160034e-12,0.2630434659699475,0.8455650021583894
4.off,4.off,./normalized/4.off,normalized,11348,5676,triangles,[0.9825475  0.56543753 0.27451146],1.166394325641667,False,[-1.47815449e-12  3.33893665e-12  3.19274906e-12],4.850472685734997e-12,0.0354089676774349,0.6089134167494284
42.off,42.off,./normalized/42.off,normalized,8324,4164,triangles,[1.04240959 0.76899188 0.24589995],1.3184965084494042,False,[ 4.86211112e-12 -1.47898688e-12  2.62861588e-13],5.088872461807338e-12,0.3103342442716657,0.3664549187519497
194.off,194.off,./normalized/194.off,normalized,16938,8471,triangles,[1.01172189 0.48690355 0.36915146],1.1819175342823247,False,[ 8.65780631e-13 -2.24724036e-13  1.06311914e-12],1.3893521142153694e-12,0.10481379040512574,0.9287584193569245
180.off,180.off,./normalized/180.off,normalized,19092,9548,triangles,[1.00068733 0.66838717 0.31604631],1.2441872061968657,False,[-2.22339941e-12  1.21006735e-12  2.33968805e-13],2.5421465994034514e-12,0.025689869990873894,1.0940613083834674
369.off,369.off,./normalized/369.off,normalized,27212,13606,triangles,[1.02902718 0.65728202 0.65957873],1.3877898549072525,False,[-2.16110047e-13  2.27460428e-12  2.13002108e-13],2.2947544658160546e-12,0.07849888655523775,1.860244986321839
355.off,355.off,./normalized/355.off,normalized,29984,14994,triangles,[1.0000578  0.12472295 0.12485184],1.0155094243273506,False,[ 5.64892250e-12 -6.78939576e-13  8.39132791e-13],5.75112407823723e-12,3.657566754939404e-05,0.40976515778220257
341.off,341.off,./normalized/341.off,normalized,13288,6646,triangles,[1.00038739 0.30078196 0.30062335],1.0870230509593584,False,[3.29986264e-12 4.09007942e-13 1.38573590e-12],3.6023110483751297e-12,0.0987491370626127,0.7551210603896044
396.off,396.off,./normalized/396.off,normalized,11072,5538,triangles,[1.15828769 0.79569957 0.26384407],1.4298188218002719,False,[7.03921186e-12 6.25673792e-12 9.85988711e-13],9.469395271472448e-12,0.10757743559237053,1.135571558469307
382.off,382.off,./normalized/382.off,normalized,16152,8078,triangles,[1.19356708 0.78715579 0.36782214],1.4763162714271887,False,[ 2.80477785e-12  1.50166959e-12 -2.13480825e-12],3.83134396402855e-12,0.11978300362476473,1.0533071433111625
209.off,209.off,./normalized/209.off,normalized,10216,5110,triangles,[1.00218657 0.87705659 0.10499668],1.3359006255951156,False,[-2.66215439e-12  1.09421571e-12  1.36135994e-12],3.1839715578620644e-12,0.04749899971504586,0.632544876173843
221.off,221.off,./normalized/221.off,normalized,14238,7121,triangles,[1.00256423 0.55840591 0.33480676],1.1954278569983,False,[ 2.13877253e-12 -4.91383303e-13  1.53262955e-12],2.676706711444055e-12,0.046757237522488775,0.7713706338687709
235.off,235.off,./normalized/235.off,normalized,10496,5250,triangles,[1.01158236 0.31870093 0.37396954],1.1245987615172544,False,[-1.42250231e-12  9.88249708e-13 -5.10952183e-13],1.8058855027813875e-12,0.044855389079381365,0.5589092307959519
234.off,234.off,./normalized/234.off,normalized,14992,7498,triangles,[1.00918739 0.50802923 0.46845674],1.2231126712812888,False,[ 3.03575605e-12 -9.80619004e-14  5.18434261e-13],3.0812667848183427e-12,0.056483285860967986,0.8045362451154635
220.off,220.off,./normalized/220.off,normalized,8910,4457,triangles,[1.01907341 0.83981695 0.09527099],1.323963627192887,False,[ 2.21458081e-13 -2.77422779e-12 -5.91848128e-13],2.845288691727463e-12,0.052799093299137304,0.5618284441333203
208.off,208.off,./normalized/208.off,normalized,12204,6104,triangles,[0.9291995  1.03550414 0.10179861],1.3950066251403075,False,[2.66808470e-12 1.48690862e-13 4.73150887e-14],2.6726435667898264e-12,0.06339040014358018,0.6578403777666222
383.off,383.off,./normalized/383.off,normalized,26658,13331,triangles,[0.99051753 0.54274399 0.32442088],1.1751361275101557,False,[-7.14823530e-14 -2.55216451e-12 -8.49343167e-13],2.6907317265772375e-12,0.061414276791552556,1.1066731088490172
397.off,397.off,./normalized/397.off,normalized,14532,7268,triangles,[1.08628208 0.81222456 0.29134798],1.387299943768723,False,[ 4.10056101e-12 -3.61073720e-12 -7.57501067e-13],5.515961528253676e-12,0.12219098451879704,1.075772396024687
340.off,340.off,./normalized/340.off,normalized,29990,14997,triangles,[1.03405213 1.03323212 0.70320714],1.6221383143634172,False,[-1.40427540e-12  2.59561939e-12 -2.03194721e-12],3.58302091677624e-12,0.028581928535680246,4.375948079737077
354.off,354.off,./normalized/354.off,normalized,23264,11634,triangles,[1.00133024 0.28392228 0.28357904],1.0787451907579502,False,[-2.60509066e-12 -8.18486710e-13 -1.15961969e-12],2.966670806455992e-12,0.10814156531755248,0.6154073614848807
368.off,368.off,./normalized/368.off,normalized,22400,11202,triangles,[1.26575799 0.88998111 0.80134713],1.742517401715072,False,[-9.67022630e-13 -8.24087832e-13  4.00606335e-13],1.3321932880969626e-12,0.12466441525922024,2.537437849039953
181.off,181.off,./normalized/181.off,normalized,14480,7242,triangles,[1.00970452 0.52631838 0.23615059],1.1628763327138474,False,[ 5.24679040e-13  8.17629144e-13 -7.04986461e-13],1.2003380448794965e-12,0.06355355940226377,0.7828255049640803
195.off,195.off,./normalized/195.off,normalized,17044,8524,triangles,[1.01638078 0.42932959 0.33142681],1.152040584346113,False,[1.28856501e-12 1.30910622e-12 8.12985122e-13],2.008756747576268e-12,0.07648535904900802,0.949562304798185
43.off,43.off,./normalized/43.off,normalized,27296,13650,triangles,[1.05672696 0.7636209  0.1957841 ],1.3183778539357363,False,[ 1.48851979e-11 -4.68842724e-12 -6.84125100e-13],1.5621091346131485e-11,0.3178287175372892,0.29164618719799557
57.off,57.off,./normalized/57.off,normalized,14822,7413,triangles,[0.94933743 0.99871814 0.3023673 ],1.4107109771522992,False,[-7.55496615e-13 -1.35626217e-11  9.40056414e-13],1.3616137078241445e-11,0.3056260057955265,0.6894827511928998
5.off,5.off,./normalized/5.off,normalized,30308,15154,triangles,[1.00064319 0.61194933 0.20769712],1.1911787688675375,False,[-3.05897043e-12  3.75681084e-13  2.01894153e-13],3.088559147385007e-12,0.024402123620332793,0.6961609141463488
142.off,142.off,./normalized/142.off,normalized,19600,9802,triangles,[1.00001939 0.50700442 0.1577363 ],1.1322424711610704,False,[ 1.70556802e-12 -8.15148980e-13  9.41439955e-13],2.111809488267001e-12,0.05658008580051261,0.9619866246580875
156.off,156.off,./normalized/156.off,normalized,20196,10100,triangles,[0.91962316 0.47676905 0.41305666],1.1151821816253507,False,[-2.68806011e-12 -5.91895255e-13  1.60360936e-12],3.185525089183283e-12,0.16268338132887114,1.016742673337487
80.off,80.off,./normalized/80.off,normalized,14698,7351,triangles,[0.8489256  0.93816175 0.26786299],1.2932798295568115,False,[ 9.41505818e-13  3.04481615e-13 -1.21623722e-13],9.969626820408856e-13,0.07917279295431576,0.6910135065383491
94.off,94.off,./normalized/94.off,normalized,14468,7236,triangles,[1.05989408 0.93179047 0.31646169],1.4462907532090743,False,[1.22124404e-13 5.57788872e-12 4.86820631e-13],5.6004242016386194e-12,0.059182769585213284,0.7658321643912298
82.off,82.off,./normalized/82.off,normalized,16594,8299,triangles,[1.01665873 0.61451218 0.4918848 ],1.2857569167684848,False,[-3.68303654e-12  2.26945008e-14  3.05537696e-13],3.695757905934265e-12,0.09742669039498573,0.8746028682348431
168.off,168.off,./normalized/168.off,normalized,21500,10752,triangles,[0.99480852 0.6621878  0.3664387 ],1.249965591753081,False,[-1.17870844e-12  1.75289945e-12  3.26451969e-13],2.137423907365724e-12,0.03974042927315812,1.204455074339442
96.off,96.off,./normalized/96.off,normalized,17004,8504,triangles,[1.07147589 0.8779003  0.23825015],1.4055364311835623,False,[-4.34769227e-14  3.09642408e-12 -1.08837407e-12],3.2824214320564832e-12,0.07450571652114948,0.9006038832102993
140.off,140.off,./normalized/140.off,normalized,18396,9200,triangles,[1.18339331 1.10580558 0.52462001],1.7024840237692855,False,[-2.01724567e-12 -5.12728794e-12 -5.86153524e-13],5.54093292476292e-12,0.02951586797494507,0.9527983473689706
154.off,154.off,./normalized/154.off,normalized,27854,13929,triangles,[0.90974765 0.90675723 0.39031069],1.342457410845363,False,[7.33099224e-13 2.81686537e-12 1.08337617e-13],2.9127138582595545e-12,0.12247995746168187,1.9471060638571345
41.off,41.off,./normalized/41.off,normalized,14028,7016,triangles,[0.94348839 1.00471453 0.30549582],1.411718571252731,False,[-3.04466071e-12  5.61532196e-12  8.22199654e-13],6.440326998341422e-12,0.31782214578017065,0.6649778065292737
7.off,7.off,./normalized/7.off,normalized,16878,8441,triangles,[0.99948481 0.30843946 0.19742707],1.0644633518845013,False,[ 2.89227444e-12 -9.32107559e-13  1.50705596e-13],3.042497021677987e-12,0.0292079437324408,0.6035714201474196
55.off,55.off,./normalized/55.off,normalized,22784,11394,triangles,[1.00048618 0.54446181 0.18013689],1.1531958032095764,False,[-5.67884099e-12 -2.34411591e-12  1.91566055e-12],6.435360888666921e-12,0.1737616080906993,0.25667742404765176
183.off,183.off,./normalized/183.off,normalized,22822,11413,triangles,[1.01090836 0.8720476  0.32145037],1.373219960567956,False,[ 2.24062818e-12 -2.06408318e-13 -5.82626246e-14],2.2508695140566697e-12,0.08253499158021374,1.5041247212147648
197.off,197.off,./normalized/197.off,normalized,15102,7553,triangles,[1.00729551 0.47402206 0.43901709],1.196694265178456,False,[2.35655598e-13 5.55424797e-13 5.87711184e-14],6.062048414035238e-13,0.1112991597842746,0.9135048971644029
69.off,69.off,./normalized/69.off,normalized,13398,6701,triangles,[1.00040342 0.74769007 0.17431806],1.2610448968358434,False,[-2.78708471e-12 -3.09412694e-12 -6.65097280e-13],4.217086327585736e-12,0.05791242461259478,0.6240545639130572
342.off,342.off,./normalized/342.off,normalized,13288,6646,triangles,[1.00038803 0.30078755 0.30061392],1.0870225798030704,False,[ 1.71691781e-12 -1.83130579e-13 -1.24620458e-12],2.1294058854781827e-12,0.098749113120329,0.7551212907369826
356.off,356.off,./normalized/356.off,normalized,29980,14992,triangles,[1.00005698 0.12479561 0.12492499],1.0155265481139373,False,[9.51789232e-12 4.17391460e-13 4.09399417e-13],9.535832302986962e-12,1.9912903034466472e-06,0.40972955721542825
381.off,381.off,./normalized/381.off,normalized,13872,6938,triangles,[1.02478489 0.69562763 0.34950009],1.2869468491765603,False,[ 2.33258503e-12 -1.81079252e-12  7.07122921e-14],2.953798014511799e-12,0.09644387815486753,1.0614058350432438
395.off,395.off,./normalized/395.off,normalized,22620,11312,triangles,[1.0172441  0.66927293 0.27172332],1.2476158798613473,False,[-2.12042262e-12  3.79417291e-12  3.81146983e-13],4.363165499565007e-12,0.08340834182400576,0.8441151907736972
236.off,236.off,./normalized/236.off,normalized,9686,4845,triangles,[1.02155762 0.30383317 0.34952249],1.121632975114204,False,[ 2.65288510e-12  2.03665138e-14 -9.05967413e-13],2.8033892160607195e-12,0.057234961037882066,0.518378800813758
222.off,222.off,./normalized/222.off,normalized,10506,5255,triangles,[1.00069183 0.37345555 0.29599258],1.1083613099684495,False,[-4.32006085e-13 -6.52400291e-13 -1.33489878e-12],1.5473235442776846e-12,0.05997469876090551,0.5609758627695516
223.off,223.off,./normalized/223.off,normalized,13308,6656,triangles,[1.01440112 0.44586476 0.48437864],1.2093087645852685,False,[ 1.16437822e-12 -5.60820344e-13  3.51002893e-13],1.339215865924475e-12,0.06559931690269279,0.7039360185071222
237.off,237.off,./normalized/237.off,normalized,8874,4439,triangles,[1.01368261 0.26405095 0.25918653],1.0790982312530162,False,[ 4.68832672e-12 -2.43951939e-13 -1.11702844e-12],4.825730260427825e-12,0.054918320968778696,0.45883250592217684
394.off,394.off,./normalized/394.off,normalized,18014,9009,triangles,[0.99095173 0.87085303 0.29436094],1.3516725500753208,False,[ 1.63416965e-12 -1.63478723e-12 -1.44446836e-12],2.725716153539507e-12,0.03778645108294404,1.0260216282488062
380.off,380.off,./normalized/380.off,normalized,18708,9356,triangles,[1.00028144 0.7096962  0.54053787],1.3403032621914819,False,[-1.13605531e-12  1.73984062e-12  2.05790105e-13],2.0880652803440526e-12,0.1257917178904075,1.9326140035577264
357.off,357.off,./normalized/357.off,normalized,29764,14872,triangles,[1.0000174  0.13639689 0.0663398 ],1.011454338733111,False,[1.69308057e-12 3.54477454e-13 2.81881795e-13],1.7526076070033438e-12,0.00022406726298604008,0.46593796271840454
343.off,343.off,./normalized/343.off,normalized,13288,6646,triangles,[1.00000114 0.30066047 0.30077214],1.0866751503459156,False,[8.03588991e-12 4.33453717e-12 1.92817220e-13],9.132410287822638e-12,0.09885569483420599,0.7551212544226978
196.off,196.off,./normalized/196.off,normalized,14220,7112,triangles,[1.00667337 0.72616451 0.36975089],1.2951532279437228,False,[-1.77741814e-12 -7.11220661e-13  1.30180058e-14],1.9144763107810428e-12,0.1367934796793874,0.9229108230841434
68.off,68.off,./normalized/68.off,normalized,11162,5583,triangles,[0.99419372 0.79558735 0.22318674],1.2927461867733157,False,[-1.74522353e-12  9.42610168e-14  1.20510749e-13],1.7519169936335393e-12,0.0886052488962152,0.5472781105504251
182.off,182.off,./normalized/182.off,normalized,20562,10283,triangles,[1.05328888 0.58483243 0.36902692],1.260010830456064,False,[ 2.84895739e-12  3.04954194e-13 -4.66053888e-13],2.902888479297436e-12,0.04481085329743788,1.1818824686567861
6.off,6.off,./normalized/6.off,normalized,20192,10098,triangles,[1.00018282 0.28667375 0.22497026],1.0644994737390716,False,[3.90209554e-12 6.06188475e-13 8.78979481e-13],4.045543102268935e-12,0.04281082546610717,0.6553508751977257
54.off,54.off,./normalized/54.off,normalized,14810,7407,triangles,[0.94950933 1.00304297 0.30204807],1.4138232554401013,False,[-4.65105776e-12  1.34061845e-11 -7.39960125e-13],1.4209351261423076e-11,0.3059642976629333,0.6888714799716522
40.off,40.off,./normalized/40.off,normalized,30326,15165,triangles,[1.00026606 0.57404586 0.5741453 ],1.2882948672550918,False,[7.04458789e-13 3.90649807e-13 7.50864478e-14],8.090163356657979e-13,0.02004001079512423,3.3106951090662453
155.off,155.off,./normalized/155.off,normalized,28764,14384,triangles,[1.00006895 0.74513171 0.49268469],1.3409315286446868,False,[-1.25065506e-13 -2.28751920e-12 -4.48515961e-13],2.3344275640176805e-12,0.167616968362534,1.575156482569573
141.off,141.off,./normalized/141.off,normalized,27848,13926,triangles,[1.00058636 0.64971641 0.54194093],1.31034516442165,False,[-1.87741528e-13 -1.10262309e-12 -1.32409920e-12],1.7332810666218602e-12,0.18113248474904997,1.6921216797935603
169.off,169.off,./normalized/169.off,normalized,25118,12561,triangles,[1.00809965 0.87324914 0.3405302 ],1.376513634646735,False,[ 6.73864792e-13 -1.04523305e-12 -5.78395097e-14],1.2449704008952489e-12,0.01129441224735451,1.3775373476982173
97.off,97.off,./normalized/97.off,normalized,16330,8167,triangles,[1.03343741 0.68081068 0.2304782 ],1.2588154228380504,False,[ 1.05309539e-15 -2.43410577e-12  3.53154845e-13],2.4595915031963043e-12,0.028650879701680853,0.8556546180732014
83.off,83.off,./normalized/83.off,normalized,12748,6376,triangles,[1.01607216 0.59030284 0.33906772],1.223040058614961,False,[-2.36880831e-12  5.60732577e-13  2.39738597e-13],2.4460475070692784e-12,0.05997938738331235,0.6654491735204866
145.off,145.off,./normalized/145.off,normalized,26408,13206,triangles,[1.00826787 1.00474574 0.78349023],1.624799998828469,False,[ 3.76561588e-13 -9.87491047e-13 -1.97951517e-12],2.2439735937027974e-12,0.27087226010208926,1.9924720519110204
151.off,151.off,./normalized/151.off,normalized,25388,12696,triangles,[1.01089496 1.00890169 0.44739852],1.4966484813502914,False,[-4.31230940e-12  9.58266965e-13  4.70792062e-13],4.442514278674252e-12,0.14791950386519487,2.6232176833078515
179.off,179.off,./normalized/179.off,normalized,26644,13324,triangles,[1.03697156 0.77087862 0.53082924],1.3969049927207187,False,[-3.21099397e-13 -8.75127341e-13 -1.97963236e-13],9.529649145461896e-13,0.07563914435262896,1.5436638843806922
87.off,87.off,./normalized/87.off,normalized,14936,7470,triangles,[1.00380578 0.65806071 0.57438614],1.33063495605178,False,[5.56035347e-12 1.33853272e-12 5.57635279e-13],5.746316882744053e-12,0.07287815077524079,0.7878731677669573
93.off,93.off,./normalized/93.off,normalized,16432,8216,triangles,[1.01508921 0.83865846 0.34633057],1.3615061453755282,False,[ 2.34451650e-12 -1.55571073e-12  2.05282861e-14],2.8137901283008315e-12,0.032821224528099595,0.8435762829733119
186.off,186.off,./normalized/186.off,normalized,13210,6607,triangles,[1.00000251 0.59561464 0.28096129],1.1973725677481832,False,[-1.92776487e-12  1.96740567e-12  9.05643467e-13],2.8995090157923496e-12,0.06409482734997067,0.9375835509775332
78.off,78.off,./normalized/78.off,normalized,14936,7470,triangles,[1.02525278 0.99094999 0.27670246],1.4524769864474187,False,[ 3.70342435e-12 -3.50535746e-12  5.38154188e-14],5.0995861525938064e-12,0.08379006303566489,0.7228394484215721
192.off,192.off,./normalized/192.off,normalized,13978,6991,triangles,[1.00499921 0.69831922 0.12659102],1.2303245218165242,False,[2.37427467e-12 1.25464644e-12 1.19740876e-13],2.688057990476544e-12,0.058734225469251396,0.8893320238342445
44.off,44.off,./normalized/44.off,normalized,12572,6288,triangles,[0.87050597 1.00556605 0.27912484],1.3589902140528187,False,[-7.82557067e-14 -1.06123762e-11  8.79366525e-13],1.0649034617770268e-11,0.2920973407544849,0.6002156672364758
50.off,50.off,./normalized/50.off,normalized,14836,7420,triangles,[0.95024008 0.99859426 0.30472095],1.411737073906365,False,[ 2.55945157e-12  1.84121782e-12 -7.11977552e-13],3.2323037366998227e-12,0.2978176975388127,0.7129117164593191
2.off,2.off,./normalized/2.off,normalized,20096,10050,triangles,[1.0006526  0.55609611 0.19097449],1.1606118091532294,False,[-1.63464290e-12 -2.65120909e-12 -1.06504076e-13],3.116457950462998e-12,0.025618322699422137,0.6213562230013886
347.off,347.off,./normalized/347.off,normalized,20968,10486,triangles,[1.00437416 0.37602722 0.37334329],1.135583168222079,False,[ 1.93035015e-13 -1.64948257e-12  1.51589543e-12],2.24855381173765e-12,0.005154017389964048,1.285040612097448
353.off,353.off,./normalized/353.off,normalized,12080,6042,triangles,[1.00000292 0.20862875 0.20863364],1.0426215957545315,False,[2.25963939e-12 5.85072812e-13 2.02137915e-12],3.087758741347496e-12,0.048942228081558674,0.42107222475206774
384.off,384.off,./normalized/384.off,normalized,9420,4712,triangles,[1.00183862 0.54429848 0.23018277],1.1631532837812517,False,[3.79622680e-12 5.33699670e-13 5.76038639e-13],3.876595643397177e-12,0.08325683981684509,0.7578850154865083
390.off,390.off,./normalized/390.off,normalized,18474,9239,triangles,[1.07095449 0.52965014 0.29269384],1.2300985657401764,False,[-1.27949662e-11 -1.09886944e-12  2.35989190e-13],1.2844234708170609e-11,0.07814647811205483,0.5464605789998119
233.off,233.off,./normalized/233.off,normalized,20368,10186,triangles,[1.0270226  0.58649694 0.63491405],1.3423374896797526,False,[2.30837116e-12 1.23185979e-12 5.61384772e-13],2.676043500686072e-12,0.0967194963616575,1.1062865459619233
227.off,227.off,./normalized/227.off,normalized,10428,5216,triangles,[1.01790126 0.33246295 0.30294684],1.112848317239593,False,[ 4.01360203e-12 -2.89900732e-13 -3.06596985e-13],4.0357211712718824e-12,0.032171299041725325,0.5620570989745869
226.off,226.off,./normalized/226.off,normalized,10428,5216,triangles,[1.01790126 0.33246295 0.30294684],1.112848317239593,False,[ 4.01360203e-12 -2.89900732e-13 -3.06596985e-13],4.0357211712718824e-12,0.032171299041725325,0.5620570989745869
232.off,232.off,./normalized/232.off,normalized,10876,5440,triangles,[1.01118706 0.3174111  0.28581675],1.0976977205018918,False,[-4.08093466e-12 -3.24900410e-13  1.72741712e-13],4.097490412782074e-12,0.047934484412871646,0.5747196583973273
391.off,391.off,./normalized/391.off,normalized,8626,4315,triangles,[1.04009426 0.67456651 0.30103845],1.275719483368629,False,[-3.47400493e-13  3.49549826e-12 -1.85588082e-12],3.972843923371045e-12,0.07281754335489507,1.0538775991523057
385.off,385.off,./normalized/385.off,normalized,20868,10436,triangles,[1.03522772 0.72536343 0.28846477],1.2965571565807894,False,[-4.49553027e-13 -1.74760471e-12  3.42310682e-13],1.836680903702892e-12,0.09556960382153587,0.9919315896186602
352.off,352.off,./normalized/352.off,normalized,20796,10400,triangles,[1.00005102 0.28394861 0.28571111],1.078127866240645,False,[-1.17277012e-11 -1.05986301e-13 -1.80724480e-13],1.1729572430831679e-11,0.10847465116439171,0.781621726761756
346.off,346.off,./normalized/346.off,normalized,7170,3587,triangles,[1.00361678 0.43702685 0.43518147],1.1779736951047985,False,[-5.89286746e-13 -7.77902068e-13  2.66193926e-13],1.0115580570802943e-12,0.06271448532176932,1.3140294740472365
51.off,51.off,./normalized/51.off,normalized,22848,11426,triangles,[1.00054682 0.53085255 0.17902537],1.1467120165134919,False,[ 2.42056373e-13 -5.69936103e-12 -1.00309328e-12],5.792020685536376e-12,0.16019541130646664,0.25624453596090757
3.off,3.off,./normalized/3.off,normalized,11278,5641,triangles,[1.00200024 0.45816849 0.36229298],1.1598185417317295,False,[ 1.92804911e-12 -1.38125539e-12  7.88439827e-13],2.4993753604529125e-12,0.055096442606229125,0.5973727445112105
45.off,45.off,./normalized/45.off,normalized,10794,5399,triangles,[1.00018396 0.88320256 0.26236073],1.3598705271506897,False,[-4.04035484e-13  4.17418303e-12 -1.33975503e-13],4.195831033683634e-12,0.32586560940363196,0.49575147626023797
193.off,193.off,./normalized/193.off,normalized,14624,7314,triangles,[1.00870684 0.46362795 0.40507205],1.1817460562997684,False,[ 3.67885199e-12  2.64383113e-12 -5.42548375e-13],4.562691499208843e-12,0.1087330026922264,0.9208849422951546
187.off,187.off,./normalized/187.off,normalized,15256,7628,triangles,[1.00969103 0.52587776 0.2424102 ],1.1639527887755372,False,[-1.06270812e-12  1.07819636e-12  1.08230984e-14],1.513926375584463e-12,0.05949303756049342,0.8182973719347438
79.off,79.off,./normalized/79.off,normalized,13374,6689,triangles,[0.89658563 0.80572325 0.27842014],1.237163501002655,False,[ 9.09527078e-13  2.04371694e-12 -3.66981334e-14],2.2372673522520395e-12,0.08934169218130489,0.6317916798823375
92.off,92.off,./normalized/92.off,normalized,11730,5867,triangles,[1.00768693 0.50127161 0.33302818],1.1737179977173577,False,[-4.26957952e-12 -1.23763251e-12 -1.74906966e-12],4.777058529406076e-12,0.03887988590259852,0.6008683730827615
178.off,178.off,./normalized/178.off,normalized,24346,12175,triangles,[1.02867948 0.70747579 0.47812994],1.3369037754748339,False,[-1.05036182e-12  7.06233725e-13  1.87060924e-13],1.2794599704149995e-12,0.060093150105709155,1.4152013032407513
86.off,86.off,./normalized/86.off,normalized,14072,7038,triangles,[1.0132467  0.48031784 0.35900941],1.1773962151664434,False,[ 3.49848646e-12  4.02679099e-12 -3.26404360e-13],5.344248590194592e-12,0.06816462958188695,0.7333222167534906
150.off,150.off,./normalized/150.off,normalized,27154,13579,triangles,[1.01444365 0.82410594 0.82435617],1.5452539018248646,False,[ 2.42656953e-12 -6.66925611e-13 -2.24656463e-12],3.3734377296372162e-12,0.3274783061046697,1.5930941187057353
144.off,144.off,./normalized/144.off,normalized,30160,15082,triangles,[1.00034954 0.81330833 0.22808949],1.309272493428659,False,[-9.38014783e-13 -2.33964046e-12  1.20883502e-12],2.7955449025982846e-12,0.08866691733193742,1.470098938795787
152.off,152.off,./normalized/152.off,normalized,21082,10543,triangles,[1.00009625 0.39204767 0.44323259],1.1620451866749775,False,[ 1.20872112e-11 -3.13287601e-12 -4.41645572e-14],1.248669444380383e-11,0.154290634323817,1.0288097859130727
146.off,146.off,./normalized/146.off,normalized,27424,13714,triangles,[1.00729828 1.00703417 0.68607303],1.5809692720477804,False,[ 7.63948548e-13 -2.20057775e-12  1.00771786e-12],2.5380415837137864e-12,0.1909634697295743,2.439473389160929
90.off,90.off,./normalized/90.off,normalized,15750,7877,triangles,[0.99771196 0.62052179 0.46394163],1.2632174389954678,False,[-2.37023388e-12 -5.22115282e-13 -1.35302200e-12],2.778719411815467e-12,0.04497870201875482,0.8273438873268756
84.off,84.off,./normalized/84.off,normalized,13696,6850,triangles,[0.98957672 0.49602429 0.57404077],1.2469262186900238,False,[ 7.62554750e-12  1.12324301e-12 -1.95383922e-12],7.951612241868704e-12,0.08198752534693189,0.723183644671669
191.off,191.off,./normalized/191.off,normalized,27528,13766,triangles,[1.05779782 0.66221253 0.57977049],1.3760797526121136,False,[1.01998253e-12 1.04132459e-12 9.18846971e-13],1.7230789353668217e-12,0.03618220589197831,1.5281024798489613
185.off,185.off,./normalized/185.off,normalized,19896,9950,triangles,[1.00922589 0.59871291 0.21673545],1.1933014324452318,False,[3.62405148e-12 1.75463615e-12 1.04856084e-12],4.1607663924227265e-12,0.07817908023134158,0.912225324701873
1.off,1.off,./normalized/1.off,normalized,9408,4706,triangles,[1.00200855 0.40512322 0.16091341],1.0927209536730953,False,[-2.50021698e-12  7.72384300e-13  1.27106862e-12],2.909171343417734e-12,0.019403168878217348,0.5482972974649519
53.off,53.off,./normalized/53.off,normalized,19952,9978,triangles,[1.0258297  0.32223077 0.16760127],1.0882322525878005,False,[ 7.76877745e-12 -2.55465275e-12  5.31688464e-13],8.195294155795257e-12,0.07248899583969583,0.2082980082905013
47.off,47.off,./normalized/47.off,normalized,16208,8106,triangles,[1.00018585 0.14272619 0.06221187],1.0122316010524957,False,[-3.61107058e-12  3.13513994e-13 -8.06966239e-13],3.71339686209402e-12,0.010687029321338084,0.16005551754957575
350.off,350.off,./normalized/350.off,normalized,17514,8759,triangles,[1.00006678 0.15337894 0.15297688],1.023259783318916,False,[-8.26547428e-12  2.76793029e-13  6.42985849e-13],8.295065418075652e-12,0.033916786297741204,0.47242968306605837
344.off,344.off,./normalized/344.off,normalized,25440,12722,triangles,[1.00092704 0.42999967 0.42632877],1.1698336953458288,False,[-2.44650665e-12  8.96059275e-13  2.61131963e-13],2.6184932492539577e-12,0.05448458650905761,1.3079917501537894
378.off,378.off,./normalized/378.off,normalized,13368,6684,triangles,[0.86944496 0.92277032 0.50863661],1.3660712990239186,False,[3.06093975e-12 6.18370461e-13 1.74720024e-12],3.5783296143848275e-12,0.09394563833378945,1.4428973065447004
393.off,393.off,./normalized/393.off,normalized,19510,9757,triangles,[1.30092725 0.87255313 0.3057111 ],1.5960012375191617,False,[ 6.04442592e-14  5.91441942e-13 -7.93462896e-13],9.91483961675675e-13,0.08264609317396511,1.2297830343122964
387.off,387.off,./normalized/387.off,normalized,29356,14680,triangles,[1.21815188 0.84043872 0.2619299 ],1.502943283552003,False,[-2.04646629e-12 -1.50490993e-12 -1.55980694e-12],2.9809018550412306e-12,0.09650956136847218,1.071975293471244
224.off,224.off,./normalized/224.off,normalized,10118,5061,triangles,[1.00868325 0.28501703 0.34344675],1.1030105472083485,False,[ 8.33177611e-12 -1.75479150e-12 -1.29217220e-12],8.612055232190637e-12,0.05422804447283746,0.5350710765527755
230.off,230.off,./normalized/230.off,normalized,15142,7573,triangles,[1.00290079 0.56629681 0.34992208],1.2037223650118642,False,[-2.94159254e-14  3.76715014e-14 -3.71822799e-13],3.748821578105631e-13,0.049339774961577064,0.8202068088162655
218.off,218.off,./normalized/218.off,normalized,12392,6198,triangles,[1.00054969 0.76870605 0.10170251],1.265840460509183,False,[ 2.38708900e-14 -1.53691672e-12  4.80540690e-13],1.6104664475976252e-12,0.03594138795773632,0.657866777191839
219.off,219.off,./normalized/219.off,normalized,7880,3942,triangles,[0.97970111 0.9328826  0.09284612],1.3559884227804067,False,[-1.61784714e-12 -2.34799541e-12  9.74906763e-13],3.0134622964164154e-12,0.09551729343140859,0.5298846364589186
231.off,231.off,./normalized/231.off,normalized,12524,6264,triangles,[1.00886366 0.3810863  0.41844817],1.1567763476856565,False,[ 4.65621231e-13 -8.06507506e-13 -1.63287268e-12],1.8797687814868225e-12,0.05847390033283856,0.6518470004225454
225.off,225.off,./normalized/225.off,normalized,12148,6076,triangles,[1.01462001 0.5158711  0.34427786],1.1891610495275113,False,[5.95660345e-13 2.39546264e-13 9.43456744e-13],1.1411854740853266e-12,0.06405586934819572,0.6491491886662057
386.off,386.off,./normalized/386.off,normalized,16680,8342,triangles,[1.0259555  0.99856638 0.52096849],1.5235247467749016,False,[-4.04940315e-13  2.60791646e-13  3.51430175e-13],5.9623159064158e-13,0.09086196051207535,1.2482242639396615
392.off,392.off,./normalized/392.off,normalized,17232,8618,triangles,[1.00962927 0.55938235 0.34505721],1.2047092427042587,False,[-4.36320438e-12  2.47926252e-12  1.47716372e-12],5.231281654106543e-12,0.06658608055950424,0.9748514689085293
379.off,379.off,./normalized/379.off,normalized,13842,6923,triangles,[1.0012652  0.64092428 0.50666652],1.2922951995077383,False,[ 1.66507564e-13 -5.61700447e-13  1.68547867e-13],6.096232808598447e-13,0.04548093008402866,1.2782037158097306
345.off,345.off,./normalized/345.off,normalized,7224,3614,triangles,[1.0048687  0.43375649 0.43253655],1.1768575341029037,False,[-3.02935574e-12  5.15254154e-13  4.29288204e-13],3.102703888696918e-12,0.05938745367938474,1.3147803755743805
351.off,351.off,./normalized/351.off,normalized,10380,5192,triangles,[1.00036601 0.28499409 0.28460186],1.0784025240695534,False,[-1.01369880e-12 -1.70287307e-13  1.17713450e-14],1.0279696435866382e-12,0.10826479363123473,0.7748086758073581
46.off,46.off,./normalized/46.off,normalized,19136,9570,triangles,[1.03204642 0.25019357 0.15798171],1.0736269627872828,False,[-7.49828070e-13 -2.34046822e-13  8.65372702e-13],1.1687129515092478e-12,0.051055223711780055,0.19835955930600827
52.off,52.off,./normalized/52.off,normalized,12416,6210,triangles,[1.00340087 0.23507495 0.12288484],1.0378700410622834,False,[-2.50477737e-12 -3.18796574e-12  3.04400301e-12],5.0698115913072845e-12,0.0669195269636102,0.12890117040359259
184.off,184.off,./normalized/184.off,normalized,9366,4685,triangles,[1.0309958  0.55789546 0.34934695],1.2232101111271816,False,[-4.06278027e-12  1.37537629e-12 -4.83989387e-13],4.316490380335538e-12,0.044590040055731806,1.1257897586070826
190.off,190.off,./normalized/190.off,normalized,14996,7500,triangles,[1.01587074 0.70702882 0.31979101],1.2783385362012996,False,[ 1.81162192e-12 -2.00681870e-13 -1.23980899e-12],2.204398678905505e-12,0.10773350750118715,0.9190478661518695
85.off,85.off,./normalized/85.off,normalized,16772,8388,triangles,[1.03003565 0.69098872 0.34213496],1.2866604722508823,False,[ 2.45752294e-13  4.36440286e-13 -5.60355415e-13],7.51580005769835e-13,0.05589802388002363,0.8786625361886705
91.off,91.off,./normalized/91.off,normalized,17276,8640,triangles,[1.00174866 0.65438983 0.51993758],1.3046307949855782,False,[-2.39161985e-12  1.73899487e-12  7.09809074e-13],3.0410158856588102e-12,0.060959932832339324,0.9127129290685227
147.off,147.off,./normalized/147.off,normalized,27406,13705,triangles,[1.00249202 1.00176089 0.45773243],1.4893065864197945,False,[ 1.24075129e-12 -7.90335177e-13 -7.48909201e-13],1.6507448156510751e-12,0.1620097642484237,1.9810188372726136
153.off,153.off,./normalized/153.off,normalized,27158,13581,triangles,[1.00093918 0.73739976 0.36018803],1.2943620318128497,False,[ 6.38532396e-14 -6.34993284e-13  5.15625057e-13],8.204650551817861e-13,0.13498075697144857,1.7454658724607681
88.off,88.off,./normalized/88.off,normalized,16416,8210,triangles,[0.99249279 0.83980078 0.533265  ],1.4052326703269922,False,[-3.09712824e-12  9.55304153e-13  3.28164971e-12],4.612378363072584e-12,0.06972188846258706,0.8543555393812543
176.off,176.off,./normalized/176.off,normalized,24996,12500,triangles,[0.97933147 0.82023231 0.55985099],1.3947416598856817,False,[5.48622891e-13 1.08220265e-12 4.13245079e-13],1.281764854013925e-12,0.06994394047294626,1.6331624126901418
162.off,162.off,./normalized/162.off,normalized,20188,10096,triangles,[0.99695613 0.59495641 0.39517071],1.2263990156463265,False,[ 6.93549646e-13  1.35721674e-12 -8.02739055e-13],1.7226254314873246e-12,0.03808612698338155,1.1224844310034436
77.off,77.off,./normalized/77.off,normalized,13170,6587,triangles,[1.00106023 0.97813467 0.22881785],1.4181772135896835,False,[-2.76205775e-12 -3.47445122e-13  3.17634060e-13],2.801887313258114e-12,0.0661462629084698,0.6433344322612913
189.off,189.off,./normalized/189.off,normalized,28164,14084,triangles,[1.00183639 0.90491626 0.69462341],1.518239524575917,False,[-8.54129968e-13  2.01505387e-12 -1.16678069e-12],2.4801929961801157e-12,0.15918170438108062,1.6196004327561755
63.off,63.off,./normalized/63.off,normalized,11034,5519,triangles,[0.86128335 1.00000997 0.17681386],1.331575040731644,False,[-1.59294946e-12  5.06282539e-12  1.10865126e-12],5.4220657012093704e-12,0.015036325854005102,0.5433903177487873
348.off,348.off,./normalized/348.off,normalized,20528,10266,triangles,[1.00008829 0.15373254 0.15350043],1.0234122638213383,False,[1.25899279e-12 5.83344647e-13 1.08787654e-12],1.763187225396344e-12,0.03269116334003128,0.4766729272453867
374.off,374.off,./normalized/374.off,normalized,29744,14872,triangles,[0.99981499 0.3534146  0.35110893],1.117053883611027,False,[ 6.79714007e-13  1.37234187e-12 -3.63511045e-13],1.5739992423662542e-12,0.02169317386540461,0.9903445159092865
360.off,360.off,./normalized/360.off,normalized,17584,8794,triangles,[1.00042026 0.19804748 0.19689352],1.0386676855821866,False,[-1.05320266e-12 -9.24779862e-13  1.08096599e-13],1.4057519393796882e-12,0.002308095085397822,0.6544952610290591
228.off,228.off,./normalized/228.off,normalized,11180,5592,triangles,[0.99951467 0.44561955 0.29434743],1.1332461204137967,False,[ 1.80228996e-13 -1.13340786e-12  1.24269706e-12],1.691564912643183e-12,0.04737352123388007,0.6103893552824915
200.off,200.off,./normalized/200.off,normalized,12104,6054,triangles,[0.99577779 0.7364578  0.21837399],1.2576290014853815,False,[-5.19527905e-12 -2.11318879e-12  3.05167905e-13],5.616904732270299e-12,0.05633004573713094,0.8670298233512088
214.off,214.off,./normalized/214.off,normalized,7604,3804,triangles,[1.07687426 0.33777991 0.09546562],1.1326372476647366,False,[ 3.37356437e-12  2.30837018e-12 -5.37539493e-13],4.122918645061315e-12,0.0077471020935542135,0.46392371914284525
215.off,215.off,./normalized/215.off,normalized,8922,4463,triangles,[1.03200714 0.38215115 0.09434701],1.104526866671526,False,[-2.71039634e-13  4.64609677e-12 -9.72962535e-14],4.655012811696323e-12,0.0114679744271184,0.4658402240550032
201.off,201.off,./normalized/201.off,normalized,8970,4487,triangles,[0.95746231 0.54266924 0.09342401],1.104514381581996,False,[-4.14607785e-12  2.81758718e-13  1.41151237e-12],4.388817234562377e-12,0.055018717294466966,0.4661511777310332
229.off,229.off,./normalized/229.off,normalized,10486,5245,triangles,[1.00008316 0.36727786 0.30098243],1.1070906857678255,False,[ 3.26593315e-13 -1.95264211e-12 -9.59094628e-13],2.199849290292706e-12,0.04882958078119935,0.5760612282126614
361.off,361.off,./normalized/361.off,normalized,29734,14859,triangles,[0.99235204 0.51012536 0.49931185],1.2224167776075925,False,[ 3.02739608e-12 -2.83308700e-12  1.34587921e-12],4.359231561015186e-12,0.049041130153607025,1.412692125455443
375.off,375.off,./normalized/375.off,normalized,23520,11762,triangles,[0.99605091 0.58832881 0.34471187],1.207093395724196,False,[ 8.67871965e-15 -9.38851803e-13  4.01830326e-13],1.0212666831725112e-12,0.03273736050087041,0.9058499571173382
349.off,349.off,./normalized/349.off,normalized,20528,10266,triangles,[1.00024804 0.15493684 0.15512327],1.0239945284164977,False,[4.81674037e-12 5.06212346e-13 2.06432576e-15],4.843267803448457e-12,0.03267170669015242,0.4766719663911489
62.off,62.off,./normalized/62.off,normalized,11234,5619,triangles,[1.01180125 0.83570149 0.18543464],1.3253394904125306,False,[-3.15861099e-12 -2.94544302e-12 -2.60482379e-12],5.043566691361734e-12,0.00942728937377994,0.5559322401236249
76.off,76.off,./normalized/76.off,normalized,11842,5923,triangles,[1.00161298 0.80495111 0.23872608],1.3069678599504038,False,[ 5.31587063e-12 -1.38540547e-12 -5.76498200e-13],5.523601993866186e-12,0.04871193891531941,0.5933253921813013
188.off,188.off,./normalized/188.off,normalized,17202,8603,triangles,[1.0096021  0.71197873 0.58227553],1.3657433507281045,False,[ 2.79599310e-12  2.09017045e-13 -1.66751181e-12],3.2621865694843927e-12,0.15505714425546463,1.0676459766184785
163.off,163.off,./normalized/163.off,normalized,21758,10879,triangles,[1.0026289  0.65476564 0.37965147],1.2562316626780634,False,[ 9.41268429e-13 -1.04259054e-12  5.30929897e-14],1.4056315852524203e-12,0.02079864156081885,1.211640304524047
89.off,89.off,./normalized/89.off,normalized,15304,7654,triangles,[1.01408958 0.57315901 0.33545354],1.212195525852848,False,[-2.94421710e-12  5.17477184e-13 -6.40532917e-13],3.0572012298604933e-12,0.03655710143001677,0.7891692624141777
177.off,177.off,./normalized/177.off,normalized,25082,12543,triangles,[1.0494754  0.72771386 0.50253604],1.3724097632981913,False,[ 9.06786247e-13 -2.75362515e-13  6.06283219e-14],9.496112923371018e-13,0.044293822110847626,1.4534636579432096
149.off,149.off,./normalized/149.off,normalized,27172,13588,triangles,[1.00772    1.00758502 0.30426517],1.4571562915836078,False,[-9.43315015e-13  2.04422888e-12 -1.25154670e-13],2.254856670474182e-12,0.11395309150528739,1.8291964086058181
161.off,161.off,./normalized/161.off,normalized,27648,13826,triangles,[1.00636932 0.81689598 0.3867545 ],1.35265564393788,False,[ 2.14382540e-12 -8.66130946e-13 -9.97792718e-14],2.3143305907768298e-12,0.06825216466450164,1.5980275358179936
175.off,175.off,./normalized/175.off,normalized,18956,9480,triangles,[0.98196308 0.59359647 0.35085908],1.1998793102292469,False,[1.77785754e-13 1.96524144e-13 8.72090359e-14],2.789891205658923e-13,0.02275367034487672,1.0930670369293356
60.off,60.off,./normalized/60.off,normalized,18984,9494,triangles,[1.0308896  0.29153896 0.13867278],1.0802585231004371,False,[ 4.62071343e-12  1.82551519e-12 -5.60703107e-13],4.9997886247248345e-12,0.059865390056202644,0.2003582826104836
74.off,74.off,./normalized/74.off,normalized,10084,5044,triangles,[0.99996609 0.69802426 0.18988681],1.2341908500651801,False,[ 4.44361098e-12 -6.83642397e-13  3.25527750e-13],4.507661672706378e-12,0.04078750610980079,0.48239953603201224
48.off,48.off,./normalized/48.off,normalized,10348,5176,triangles,[1.03349503 0.76412799 0.25100453],1.3095826998997186,False,[-8.15605832e-12  8.80552021e-12 -2.49819109e-12],1.2259666885148636e-11,0.2509994549719668,0.4483566237212244
363.off,363.off,./normalized/363.off,normalized,26864,13434,triangles,[0.99679354 0.36619647 0.3621671 ],1.1219902997043072,False,[-2.43321465e-12 -1.91365725e-13  1.03366962e-13],2.4429161072853044e-12,0.08921317227651165,0.7911831068470663
377.off,377.off,./normalized/377.off,normalized,30342,15169,triangles,[0.999852  0.6327607 0.3909566],1.2461690022052958,False,[ 1.80437273e-12 -7.34203942e-13  3.21702030e-13],1.9744134784537677e-12,0.14620376794717024,1.208311973060181
388.off,388.off,./normalized/388.off,normalized,16818,8411,triangles,[0.96795278 0.60431553 0.35207268],1.1941880106281249,False,[-7.95498373e-12  4.43892312e-12  7.18469261e-13],9.137943022181619e-12,0.06701500369022245,1.068239927993035
217.off,217.off,./normalized/217.off,normalized,10398,5201,triangles,[0.99361071 0.63381616 0.09229144],1.1821602614203202,False,[-1.68044966e-12 -2.73161889e-12 -1.22950898e-13],3.2094812300477486e-12,0.02018814174785848,0.5628956278228898
203.off,203.off,./normalized/203.off,normalized,7808,3906,triangles,[0.93718481 0.64316182 0.09554136],1.1406579881389465,False,[ 4.45266616e-12 -3.22918983e-12 -2.39502489e-13],5.505566669069606e-12,0.05227581564782602,0.48814260128882514
202.off,202.off,./normalized/202.off,normalized,8978,4491,triangles,[0.94525731 0.58558142 0.09327344],1.1158480682826892,False,[ 7.95204049e-13  4.89845532e-12 -9.24476515e-13],5.047957095353999e-12,0.0578013070446095,0.46890053699799045
216.off,216.off,./normalized/216.off,normalized,8952,4478,triangles,[1.0158788  0.42220319 0.0941797 ],1.104144501819913,False,[-2.29528500e-13  5.51278040e-13 -2.59470853e-13],6.51088268265152e-13,0.015311076622669883,0.46714067874903553
389.off,389.off,./normalized/389.off,normalized,18976,9490,triangles,[1.20630316 0.83081509 0.35753179],1.5077300819756465,False,[1.06041417e-11 3.31932786e-12 7.72925045e-13],1.1138364854795749e-11,0.02163177133189087,1.1791365719763387
376.off,376.off,./normalized/376.off,normalized,25132,12568,triangles,[1.00057752 0.78017511 0.39360359],1.3284398221281073,False,[ 1.38293097e-12 -2.58847267e-13 -3.11813212e-13],1.4410855118604819e-12,0.059905373130257594,1.5461946984925585
362.off,362.off,./normalized/362.off,normalized,28952,14476,triangles,[1.00430225 0.51355836 0.51548454],1.2401973715758603,False,[-1.68404727e-12 -5.11308847e-13 -1.30686477e-13],1.764803363003071e-12,0.11690305943041655,1.340151117180238
49.off,49.off,./normalized/49.off,normalized,24880,12440,triangles,[1.00069416 0.42773243 0.18353202],1.1036429866028499,False,[2.30881850e-12 3.99551496e-12 2.29299392e-13],4.620320429323927e-12,0.10346801008781367,0.26948708050078735
75.off,75.off,./normalized/75.off,normalized,17354,8679,triangles,[0.99548062 0.95830318 0.18103106],1.393592084125083,False,[-3.51692658e-12 -3.62465490e-12 -8.18427714e-14],5.0510982915958825e-12,0.06758428149730755,0.8486794184609212
61.off,61.off,./normalized/61.off,normalized,10796,5400,triangles,[0.99999455 0.53772988 0.20782546],1.154267709074785,False,[1.54482795e-12 3.61198470e-13 1.41110057e-12],2.1232434036649454e-12,0.04158981639653353,0.4960780812611964
174.off,174.off,./normalized/174.off,normalized,25658,12831,triangles,[1.00662254 0.74618059 0.43310483],1.3257655135178912,False,[ 6.99357493e-13 -4.36310275e-13 -7.64008999e-14],8.278312967641294e-13,0.03310762108349165,1.0954351058385092
160.off,160.off,./normalized/160.off,normalized,20160,10082,triangles,[0.99965765 0.74479765 0.29717269],1.2815422583808593,False,[-4.19185907e-12  6.30492312e-12 -4.45087735e-13],7.584315465895978e-12,0.18600272765787645,1.0676860141609466
148.off,148.off,./normalized/148.off,normalized,26746,13375,triangles,[1.00801854 1.00761272 0.30531898],1.4576022977248138,False,[ 3.39800066e-12 -3.27708908e-12 -1.53618613e-13],4.723274288752688e-12,0.10352744262168773,1.9710729588544627
164.off,164.off,./normalized/164.off,normalized,29014,14509,triangles,[1.02225007 0.78048291 0.44065989],1.3595329717537417,False,[-5.42126087e-13  1.90076559e-12 -7.28011759e-14],1.9779055896034043e-12,0.06539880349416254,1.6146910222502797
170.off,170.off,./normalized/170.off,normalized,24996,12500,triangles,[1.01724224 0.8858279  0.33821139],1.3906328752131905,False,[-1.22461776e-12  1.05743650e-12  2.52947744e-13],1.6376333994372402e-12,0.015293645803591237,1.3741313417478391
158.off,158.off,./normalized/158.off,normalized,29170,14587,triangles,[0.8291631  0.7038447  0.78963325],1.3440347755566184,False,[-2.89272748e-12 -5.60531971e-13  5.67074596e-13],3.000606931368611e-12,0.22192630789789228,1.5163028736365085
59.off,59.off,./normalized/59.off,normalized,23144,11574,triangles,[1.00041555 0.38597368 0.15631197],1.0836237248781848,False,[-4.61876364e-12 -5.09394308e-12 -4.15967806e-13],6.88870545487408e-12,0.08416973884433221,0.2555362055450897
65.off,65.off,./normalized/65.off,normalized,12892,6448,triangles,[0.98389177 0.99998474 0.19475417],1.416312709896926,False,[ 3.45413394e-12 -1.59366063e-12 -1.15306253e-12],3.974965243089866e-12,0.078804451995993,0.6257567515258363
71.off,71.off,./normalized/71.off,normalized,11694,5849,triangles,[0.81373095 0.99993599 0.19810939],1.3043302425344259,False,[1.22963366e-12 2.20731529e-12 1.40164291e-12],2.8894363719267823e-12,0.03817293902114772,0.556360986815754
400.off,400.off,./normalized/400.off,normalized,7402,3703,triangles,[1.07595209 0.69124904 0.31605887],1.317342533332342,False,[ 5.34020825e-12 -3.52281862e-12 -5.15510790e-13],6.418241705175839e-12,0.09628704744496237,0.8397014990617337
366.off,366.off,./normalized/366.off,normalized,21274,10637,triangles,[0.99079498 0.53553453 0.49615869],1.2307092954420826,False,[-1.85993165e-12 -7.72658460e-13 -1.42311345e-12],2.466089765301324e-12,0.03326615266976566,1.300042200199863
372.off,372.off,./normalized/372.off,normalized,13368,6684,triangles,[0.87199154 0.92125582 0.51576685],1.3693418034722444,False,[ 2.59456884e-13  9.75918482e-14 -6.90081632e-13],7.436764765026845e-13,0.09716119746917655,1.4364013405683869
399.off,399.off,./normalized/399.off,normalized,7818,3911,triangles,[1.23526845 0.98964094 0.35175809],1.6214225495022907,False,[-3.26195910e-12  6.27894508e-13 -2.79815077e-14],3.321959008721471e-12,0.10784862021269143,1.1341083753995735
212.off,212.off,./normalized/212.off,normalized,8592,4298,triangles,[1.05233251 0.47367971 0.09324087],1.1577866987397767,False,[-6.29186159e-12  3.37719129e-12  7.59386895e-13],7.1811984883068085e-12,0.02443770022708859,0.4452858529913526
206.off,206.off,./normalized/206.off,normalized,9584,4794,triangles,[0.96003962 0.701983   0.09296833],1.1929372640792446,False,[ 3.34927866e-12  3.46685578e-12 -5.58149701e-13],4.852657793428198e-12,0.047207815062686766,0.5113004412838165
207.off,207.off,./normalized/207.off,normalized,10400,5202,triangles,[1.00424095 0.79420196 0.09151201],1.283600829602737,False,[ 1.15801430e-12  1.74652758e-12 -2.37286442e-13],2.108947737696415e-12,0.054571292444835974,0.5651073538723486
213.off,213.off,./normalized/213.off,normalized,7922,3963,triangles,[1.13344847 0.29564945 0.09374037],1.175117566348744,False,[-1.94203799e-12  3.68816013e-13 -4.27383627e-13],2.022422701422106e-12,0.005373499627762683,0.48108447785103037
398.off,398.off,./normalized/398.off,normalized,11824,5914,triangles,[0.92480227 0.72993732 0.23155027],1.2007011463224664,False,[-3.46772508e-12  1.65288575e-13  9.79350668e-13],3.6071547356020223e-12,0.026559233690955135,0.7496489913876195
373.off,373.off,./normalized/373.off,normalized,21112,10556,triangles,[1.00141412 0.42472248 0.423623  ],1.1673370830802456,False,[ 1.22421295e-13  1.16409251e-12 -1.29351804e-12],1.7445020082283168e-12,0.029593888378910253,1.1081423735893654
367.off,367.off,./normalized/367.off,normalized,7800,3900,triangles,[1.00046483 0.64273933 0.50773377],1.292995477043225,False,[-2.32522041e-12 -2.44017613e-14 -1.16157455e-12],2.599326994191645e-12,0.044180745172078276,1.2954359703223368
70.off,70.off,./normalized/70.off,normalized,11258,5631,triangles,[1.00001904 0.60181892 0.21257409],1.1863438910057966,False,[-3.12497463e-12 -4.77718309e-13  3.12742152e-13],3.1767103850969562e-12,0.03603334316767932,0.5155519245025582
64.off,64.off,./normalized/64.off,normalized,13590,6797,triangles,[1.007723   0.83708123 0.22343142],1.3289590788043155,False,[-3.85790441e-12 -3.81244908e-12 -6.31803359e-14],5.424222175901404e-12,0.04837358167457114,0.673607930526916
58.off,58.off,./normalized/58.off,normalized,14840,7422,triangles,[1.00022468 0.15307733 0.10255953],1.0170548345740271,False,[2.97039218e-12 9.42593717e-13 6.56045991e-13],3.1846677901536713e-12,0.01598847574841504,0.14473448308960574
159.off,159.off,./normalized/159.off,normalized,27856,13930,triangles,[1.01426583 0.90932584 0.43701911],1.4305923067774413,False,[1.54452368e-12 4.97614309e-13 7.26889601e-13],1.778072525355407e-12,0.1666880290430208,2.1329012735959454
171.off,171.off,./normalized/171.off,normalized,29806,14905,triangles,[1.04228049 0.59848471 0.4880516 ],1.297199651124359,False,[9.95541818e-13 2.25917503e-13 1.47907151e-13],1.0315128479300213e-12,0.005687325854577492,1.2505023858396032
165.off,165.off,./normalized/165.off,normalized,20462,10233,triangles,[0.99245809 0.58363833 0.34693963],1.202486530813707,False,[-2.28743255e-12  1.42191785e-13 -6.84252963e-13],2.391812765912917e-12,0.02551340570576837,1.1371747167617832
173.off,173.off,./normalized/173.off,normalized,27730,13867,triangles,[1.06312355 0.56124949 0.53647774],1.3164501610014878,False,[-1.62885845e-13  1.84575405e-13 -6.39354630e-13],6.851089123291687e-13,0.069337500047446,1.5375950461250891
99.off,99.off,./normalized/99.off,normalized,13758,6881,triangles,[1.0199961  0.7243375  0.41384343],1.3176961865232946,False,[ 1.85268110e-12 -1.76364121e-12 -6.98130047e-13],2.651460563708329e-12,0.056997283451163644,0.7222125127449117
167.off,167.off,./normalized/167.off,normalized,25290,12647,triangles,[1.01052506 0.69767036 0.55476074],1.3474658837153868,False,[ 2.08870307e-13  8.80838689e-13 -9.39496256e-13],1.304667320091519e-12,0.0750014704476813,1.4005694672226676
8.off,8.off,./normalized/8.off,normalized,22026,11015,triangles,[1.00176098 0.51528004 0.21543653],1.1469313329423823,False,[ 5.36502340e-13 -4.39963165e-13 -1.00154715e-12],1.2184001942340556e-12,0.042321323277636734,0.49031662954888106
72.off,72.off,./normalized/72.off,normalized,10452,5228,triangles,[0.99999288 0.73160746 0.1803014 ],1.2520957770050618,False,[-4.60222699e-12  2.40625399e-12  3.86305166e-13],5.207665812806462e-12,0.05314126572518784,0.4906934112682248
66.off,66.off,./normalized/66.off,normalized,15474,7739,triangles,[1.00560148 0.87710598 0.17995   ],1.3464513500651334,False,[ 2.88892523e-12 -8.34846735e-13 -3.67072074e-13],3.0294553950501262e-12,0.08872499141371185,0.7512884199377482
198.off,198.off,./normalized/198.off,normalized,19124,9564,triangles,[1.00608191 0.34756349 0.26442131],1.0967770136289092,False,[-7.50400531e-13  1.17961704e-12 -2.69365372e-14],1.3983286101351372e-12,0.04275389827702252,0.6443391617574437
371.off,371.off,./normalized/371.off,normalized,29194,14599,triangles,[0.98611652 0.6501288  0.65277907],1.349523536121094,False,[-7.17636912e-13 -3.75547031e-13  2.96775066e-13],8.626202808480693e-13,0.09195429813889781,1.695459759068342
365.off,365.off,./normalized/365.off,normalized,27028,13514,triangles,[1.00518778 0.99653352 0.72495595],1.5902964071313381,False,[ 2.41801960e-13  6.07704295e-13 -5.11875475e-13],8.30535490314328e-13,0.06017596060335914,2.679547372590094
359.off,359.off,./normalized/359.off,normalized,29924,14956,triangles,[1.00160147 0.75640599 0.75619254],1.4653268146526384,False,[-1.17105174e-12  2.28078930e-12 -1.30458990e-14],2.5638900537651475e-12,0.30579234225207735,1.5862490448601738
205.off,205.off,./normalized/205.off,normalized,8952,4478,triangles,[0.97350892 0.53268105 0.09505605],1.1137793176222444,False,[-5.38869892e-13  6.68785960e-13  1.16479252e-12],1.4472031783407823e-12,0.01760214816199581,0.49781646058715945
211.off,211.off,./normalized/211.off,normalized,8564,4284,triangles,[1.02363047 0.66946702 0.09244945],1.226601948948824,False,[1.82453116e-12 4.15384534e-12 1.36728308e-12],4.738439415385569e-12,0.03279615963155498,0.514344333343871
239.off,239.off,./normalized/239.off,normalized,10238,5121,triangles,[1.00923106 0.36148076 0.21724816],1.0938063979182315,False,[ 2.25581166e-12 -6.55759741e-13 -4.61202257e-14],2.3496455399450106e-12,0.049533701709343715,0.5423365453545475
238.off,238.off,./normalized/238.off,normalized,10188,5096,triangles,[1.02391051 0.28789698 0.336222  ],1.1154921060427199,False,[-4.54375182e-12 -1.29890018e-12  5.57822733e-13],4.7585700054958405e-12,0.05063755616169409,0.535009858255879
210.off,210.off,./normalized/210.off,normalized,11012,5508,triangles,[1.00862723 0.76521934 0.101852  ],1.270143051079836,False,[-2.18617662e-12 -3.74393491e-12  2.49467531e-13],4.342654818869059e-12,0.04140286683712336,0.5764784910430683
204.off,204.off,./normalized/204.off,normalized,8810,4407,triangles,[1.03772341 0.59122365 0.09154918],1.1978299275759512,False,[-8.70505560e-12  3.79703250e-13  2.25238987e-13],8.716243464432317e-12,0.02898249383889072,0.4726464697888957
358.off,358.off,./normalized/358.off,normalized,28266,14127,triangles,[1.00049552 0.7618595  0.76191547],1.4703524636180354,False,[1.31804619e-12 3.32603339e-13 8.26518349e-13],1.5909127309481066e-12,0.3062763470375771,1.5861570247373344
364.off,364.off,./normalized/364.off,normalized,27100,13548,triangles,[1.00108788 0.74195007 0.65510188],1.4077731782235687,False,[5.64905397e-13 1.92110678e-12 2.85661536e-13],2.0227139909330227e-12,0.02171602693306719,1.619054939028475
370.off,370.off,./normalized/370.off,normalized,27836,13920,triangles,[0.9983842  0.60909129 0.60650254],1.31742497015305,False,[ 3.29350994e-12 -8.75209506e-13  6.24399815e-13],3.464545357433288e-12,0.044295183471758405,1.4715312401204852
67.off,67.off,./normalized/67.off,normalized,15298,7651,triangles,[1.0090112  0.91902027 0.25309911],1.3880781751244675,False,[ 1.84749799e-12 -1.79830663e-12  5.83207862e-13],2.6433476851055726e-12,0.0796472067070634,0.792911693483774
199.off,199.off,./normalized/199.off,normalized,17290,8647,triangles,[1.01983261 0.43911945 0.32007339],1.1555654090565608,False,[2.50453306e-12 9.26053349e-13 1.30043183e-12],2.970081416315359e-12,0.015393645090456988,1.0647200778374248
73.off,73.off,./normalized/73.off,normalized,10214,5109,triangles,[0.99973902 0.80837836 0.19098836],1.2997808426443727,False,[ 3.77526462e-12 -1.76713344e-12 -5.12813526e-13],4.199804909368242e-12,0.051643299781621486,0.48258287555311086
9.off,9.off,./normalized/9.off,normalized,21096,10550,triangles,[1.0013197  0.49954853 0.21438902],1.1393649700651238,False,[-1.20497366e-12 -3.46066882e-13  5.67624123e-13],1.3761980034260464e-12,0.04203975000245613,0.476558525031014
98.off,98.off,./normalized/98.off,normalized,12304,6154,triangles,[1.01327878 0.45239305 0.40895489],1.182640036890061,False,[-2.38228957e-12 -3.66983880e-12  1.52627529e-12],4.633846856227162e-12,0.06908545201328382,0.643831634406682
166.off,166.off,./normalized/166.off,normalized,22176,11090,triangles,[0.99702412 0.69251263 0.43920075],1.29094080042235,False,[9.47868382e-14 6.34619943e-13 6.84498043e-13],9.382241663822779e-13,0.049637346479109515,1.2493540420744842
172.off,172.off,./normalized/172.off,normalized,20278,10141,triangles,[0.99988559 0.53161561 0.39853079],1.2005053654579936,False,[-3.41356466e-12  7.20099577e-13 -3.66140322e-13],3.507852028741311e-12,0.028330362487496676,1.1357997114491136
129.off,129.off,./normalized/129.off,normalized,12284,6144,triangles,[0.91742154 0.79810054 0.38451275],1.2753339955792227,False,[-6.56338340e-12  1.86601896e-12 -2.61731654e-13],6.828508753459761e-12,0.03072717328366444,0.5998888024320154
115.off,115.off,./normalized/115.off,normalized,20086,10043,triangles,[1.11518743 0.62501142 0.61975682],1.4206972891768521,False,[-2.07504811e-12 -2.28492443e-15 -3.81111675e-13],2.109757329553951e-12,0.12239553082227289,0.9856253058696952
101.off,101.off,./normalized/101.off,normalized,16998,8499,triangles,[1.10176418 0.4634083  0.59756641],1.3363072889213148,False,[-4.05594350e-12  4.18250767e-12 -1.21965767e-12],5.952445961390202e-12,0.08521584399820276,0.8330330170686896
14.off,14.off,./normalized/14.off,normalized,11378,5691,triangles,[1.1089568  0.86418518 0.84526688],1.6404503339105108,False,[-1.16463459e-11  1.87255120e-13 -2.68941343e-12],1.195430390000924e-11,0.06205059336601871,0.7857281837214306
28.off,28.off,./normalized/28.off,normalized,30140,15070,triangles,[1.00192039 0.74980508 0.71023751],1.4389195368379768,False,[-4.18290425e-13 -4.88802626e-13 -2.73079733e-13],6.989044475085894e-13,0.10985548499369592,3.077402693994844
317.off,317.off,./normalized/317.off,normalized,55448,27726,triangles,[0.99352664 0.72048962 0.58980269],1.3616415431164635,False,[8.47115807e-13 6.18713010e-13 1.32845440e-12],1.6926907826499935e-12,0.05317954556906197,1.740685133454741
303.off,303.off,./normalized/303.off,normalized,31028,15516,triangles,[1.11345359 0.81396165 0.50573246],1.4690397542404916,False,[ 9.01075909e-13 -1.83657817e-12  1.26030275e-13],2.049595277271813e-12,0.04054412838302588,2.1207639346967717
288.off,288.off,./normalized/288.off,normalized,39996,20000,triangles,[1.05475743 0.91030743 0.90724559],1.6626086149985182,False,[1.62819387e-13 2.28606022e-12 1.27596525e-12],2.6231029000752775e-12,0.05343705783355922,2.045505688239076
289.off,289.off,./normalized/289.off,normalized,50418,25211,triangles,[0.83014911 0.92911237 0.63523504],1.3985424195124376,False,[ 7.80746059e-13 -7.37101613e-13 -1.17852726e-12],1.5943053944439826e-12,0.02778601834765416,1.1268093736751286
302.off,302.off,./normalized/302.off,normalized,50246,25125,triangles,[1.01938288 0.80388242 0.54764206],1.4089997209130238,False,[ 4.90171642e-12  7.30940918e-13 -1.70509829e-13],4.958847856918364e-12,0.038762693065029906,1.9509186011824415
316.off,316.off,./normalized/316.off,normalized,46786,23395,triangles,[1.08637498 0.6726935  0.7031208 ],1.4584601472161487,False,[-2.49793918e-12 -2.56172256e-13 -1.02775035e-12],2.713225969050669e-12,0.08815107507656461,2.2131545417531466
29.off,29.off,./normalized/29.off,normalized,30254,15127,triangles,[1.11732703 1.11611613 0.63671733],1.7028047086793145,False,[-6.24134028e-13  6.74546432e-13 -2.93120681e-13],9.646117909032887e-13,0.07389667509381422,3.6827842554592465
15.off,15.off,./normalized/15.off,normalized,11258,5631,triangles,[1.0793232  0.42782445 0.43206998],1.2388126517902887,False,[-9.12484703e-13 -5.36090633e-13  1.13888224e-13],1.0644209823838029e-12,0.028142534923347368,0.8793726363419689
100.off,100.off,./normalized/100.off,normalized,16124,8064,triangles,[1.01874423 0.57406007 0.45357923],1.2542403645129874,False,[-2.78763073e-12 -1.30226660e-12 -4.54664979e-12],5.4898823016402395e-12,0.03245778384030535,0.83711211078428
114.off,114.off,./normalized/114.off,normalized,11588,5794,triangles,[1.10513708 0.64374008 0.42776069],1.3485950000289828,False,[-9.5541461e-12 -2.8504196e-12 -3.0209451e-12],1.0417903285605284e-11,0.18613250081139104,0.4960284546897752
128.off,128.off,./normalized/128.off,normalized,12324,6164,triangles,[1.05918584 0.78580835 0.31009547],1.3548168144444483,False,[ 4.00522241e-12  1.28860959e-12 -6.16283541e-13],4.2523083921173965e-12,0.06980785815624078,0.5854571332849724
102.off,102.off,./normalized/102.off,normalized,31456,15724,triangles,[1.19762669 0.63764126 0.76262556],1.5564362553353206,False,[-4.75783741e-12  2.31739349e-12 -1.57417959e-12],5.521355880635287e-12,0.09438197324079835,1.5929647957440514
116.off,116.off,./normalized/116.off,normalized,26926,13463,triangles,[1.08145252 0.60391729 0.6438118 ],1.3959761026481758,False,[ 7.08900502e-13  5.90282349e-13 -7.75026973e-13],1.2048402306347506e-12,0.05087236296281781,1.342194979331721
17.off,17.off,./normalized/17.off,normalized,31816,15910,triangles,[1.05974919 0.60042848 0.35935016],1.2699272584002679,False,[-6.20180353e-12  2.62473428e-12  1.50853719e-12],6.901252168185537e-12,0.042778656054393654,0.7434072124025987
328.off,328.off,./normalized/328.off,normalized,29984,14994,triangles,[1.00370053 0.80106472 0.80264371],1.5143831643138936,False,[ 4.01654190e-13 -1.40951811e-12  9.73034648e-13],1.7592225031025403e-12,0.07133367498185939,3.619127216171
300.off,300.off,./normalized/300.off,normalized,34902,17453,triangles,[0.9856786  0.89701146 0.64359688],1.480002977256671,False,[ 1.27587747e-12 -3.37289970e-12 -1.17774507e-12],3.793599764668822e-12,0.06950910404596476,1.065486948711118
314.off,314.off,./normalized/314.off,normalized,52870,26437,triangles,[1.0074604  0.93421478 0.51207431],1.4662720796457793,False,[-2.87813863e-12  2.36077537e-12  4.77530715e-13],3.7529958567697365e-12,0.12587270587495802,1.8826280555116714
248.off,248.off,./normalized/248.off,normalized,23576,11790,triangles,[0.92762427 1.04232746 0.80015438],1.6084714324733569,False,[ 3.42167483e-13 -1.66742678e-13  1.14688353e-12],1.2083970957552243e-12,0.21110508446588186,1.327181367557694
260.off,260.off,./normalized/260.off,normalized,19960,9982,triangles,[0.8273635  0.75581192 0.99999446],1.5019224128058406,False,[-2.43498460e-12  1.85151540e-12  3.44945733e-12],4.610424615359122e-12,0.044133209238518094,1.40098443168918
249.off,249.off,./normalized/249.off,normalized,7424,3714,triangles,[1.00085047 0.48373757 0.19432189],1.1284789273438032,False,[-1.17951826e-12 -1.17695675e-12 -2.29791130e-13],1.6820506741562975e-12,0.05042060013400431,0.35889857275675663
315.off,315.off,./normalized/315.off,normalized,51532,25768,triangles,[1.08054038 0.70987562 0.67312334],1.4575959417772602,False,[ 1.36596035e-12 -4.83177494e-13 -4.57186284e-13],1.5193180902017825e-12,0.09168781871345749,2.1466507619659225
301.off,301.off,./normalized/301.off,normalized,18500,9252,triangles,[1.00058926 0.53559122 0.45386426],1.2223050305926983,False,[ 3.82812226e-12 -3.57384993e-13  7.57918170e-13],3.918760523404008e-12,0.0143890439246064,1.3658483414708997
329.off,329.off,./normalized/329.off,normalized,29994,14999,triangles,[1.0125252  0.94644931 0.94894847],1.6797252081671128,False,[-2.06753591e-13  4.78352790e-13 -1.57182780e-12],1.6559622791138713e-12,0.06787624004106242,3.646371386981352
16.off,16.off,./normalized/16.off,normalized,30450,15223,triangles,[1.08901892 0.31210934 0.37322617],1.1927582381052002,False,[-1.71737789e-12  2.06498691e-12  1.48266431e-13],2.6898960402025633e-12,0.021879874763717687,0.7827471800600891
117.off,117.off,./normalized/117.off,normalized,28744,14372,triangles,[1.10008159 0.594875   0.66898287],1.4183066838892262,False,[ 1.18533765e-12  1.26227879e-13 -4.09587476e-15],1.1920468055148591e-12,0.054377914859246396,1.3541292437018515
103.off,103.off,./normalized/103.off,normalized,19304,9652,triangles,[1.08334362 0.52252323 0.64210951],1.3634399665489958,False,[-3.07458270e-12 -3.08562288e-12 -2.09955347e-12],4.835519839014428e-12,0.06673882732044993,0.9479104077498617
107.off,107.off,./normalized/107.off,normalized,22854,11421,triangles,[1.03399598 0.50141488 0.57435478],1.2846976280861955,False,[ 4.10341670e-12 -1.72195347e-12 -1.76425404e-12],4.787039240899843e-12,0.032071441674838636,1.1719111438131018
113.off,113.off,./normalized/113.off,normalized,21500,10748,triangles,[1.11478586 0.62615769 0.62591848],1.4235852294462852,False,[-4.47345137e-13 -1.03482298e-12  4.99321773e-13],1.2330038539356707e-12,0.13394260527966795,1.0628804069274251
12.off,12.off,./normalized/12.off,normalized,11224,5614,triangles,[1.00121842 0.940437   0.20386864],1.3886765276012996,False,[ 1.20538625e-12 -2.41979302e-12 -6.66136713e-13],2.784257961723071e-12,0.02577478662097968,0.6649529885992038
305.off,305.off,./normalized/305.off,normalized,55644,27824,triangles,[1.09629197 0.90218318 0.71686128],1.5904969877990325,False,[ 4.78414751e-13 -5.83074555e-13  7.01990032e-13],1.0303623715126619e-12,0.04855561893954423,2.520651267884641
311.off,311.off,./normalized/311.off,normalized,50456,25230,triangles,[0.98974731 0.61362535 0.60778795],1.3135988693705567,False,[-4.18379300e-12 -3.09265731e-13  9.98744744e-13],4.31245408829123e-12,0.06323285367245256,1.9555488787815214
339.off,339.off,./normalized/339.off,normalized,29996,15000,triangles,[1.01089955 0.88341    0.89372309],1.61278395174198,False,[3.89155488e-13 1.00492628e-13 1.38670713e-12],1.443778870320323e-12,0.08952134109401565,3.263524277497041
259.off,259.off,./normalized/259.off,normalized,18026,9015,triangles,[0.9990196  0.92431576 0.36307237],1.40862391922256,False,[-3.22910236e-12 -2.99638110e-12 -5.26655082e-14],4.405471076643448e-12,0.049144096596500146,0.9408787233536245
258.off,258.off,./normalized/258.off,normalized,17888,8946,triangles,[0.90080225 1.13456737 0.71832651],1.616997460398513,False,[ 3.15377799e-12 -3.49869692e-14 -1.85606232e-12],3.6595774361009886e-12,0.12389000702961658,1.5384160403398734
338.off,338.off,./normalized/338.off,normalized,38802,19403,triangles,[1.11912298 1.0015323  1.02892644],1.8204924602947474,False,[-4.07927460e-13  5.60983312e-13 -2.30367522e-13],7.308736444274223e-13,0.03692961799265731,3.326149444453515
310.off,310.off,./normalized/310.off,normalized,16522,8263,triangles,[1.02776416 0.95702075 0.69288678],1.5659757229853164,False,[ 2.56538038e-12 -2.99237209e-13 -2.61584609e-13],2.595986496752632e-12,0.03460303214968565,2.3737056591018186
304.off,304.off,./normalized/304.off,normalized,50930,25467,triangles,[1.00027127 0.53579936 0.39663789],1.2020587256954338,False,[-5.10653004e-12 -1.32890374e-13 -1.28277168e-12],5.2668597908028865e-12,0.00917023733804738,1.1916538163966925
13.off,13.off,./normalized/13.off,normalized,27402,13703,triangles,[1.00000614 0.51913633 0.23484977],1.1509427571003545,False,[-1.13846930e-12  1.71194113e-12  2.37076664e-13],2.0695555348598743e-12,0.024376312838969908,0.7221258018808395
112.off,112.off,./normalized/112.off,normalized,27256,13628,triangles,[1.17682887 0.55221755 0.84084921],1.5481917823524356,False,[-2.29298522e-12 -7.88559039e-13 -7.25714678e-13],2.53106072387203e-12,0.15052395963512646,1.344206416598795
106.off,106.off,./normalized/106.off,normalized,28104,14052,triangles,[1.07207447 0.61147855 0.83075638],1.4877519451966494,False,[ 4.11158610e-13 -5.16686234e-13  3.59948846e-13],7.520500241250507e-13,0.13225626089571368,1.4056463991001638
110.off,110.off,./normalized/110.off,normalized,16920,8456,triangles,[1.08425344 0.41084205 0.50606801],1.2651093008007723,False,[-8.13870679e-12  3.15859645e-12  7.35851455e-13],8.761093372429067e-12,0.0750060870618164,0.7856049671947272
104.off,104.off,./normalized/104.off,normalized,17306,8653,triangles,[1.05401447 0.43420923 0.53526397],1.2593616141632378,False,[ 4.46275054e-13  8.29075101e-14 -1.14820242e-13],4.682080378427362e-13,0.04672032097407548,0.816104419530747
138.off,138.off,./normalized/138.off,normalized,19184,9594,triangles,[0.99848199 0.71099578 0.6901576 ],1.4066978348800414,False,[ 3.05041625e-12  7.18352226e-13 -1.91952627e-12],3.675003446637707e-12,0.059748291482522975,0.9842391268325826
39.off,39.off,./normalized/39.off,normalized,30322,15161,triangles,[1.12061789 0.96282714 0.80546866],1.6827359602553635,False,[ 4.28767636e-13  1.21784413e-12 -4.30554378e-13],1.3610154577973336e-12,0.11641439864646405,4.185610967284466
11.off,11.off,./normalized/11.off,normalized,21994,10999,triangles,[1.00147986 0.96351142 0.20555189],1.4048372725035685,False,[-4.19835623e-12  9.47870890e-14  1.10171146e-12],4.3415374863347665e-12,0.025612137639836097,0.6977241192485244
312.off,312.off,./normalized/312.off,normalized,53966,26985,triangles,[1.00984229 0.95175784 0.53761317],1.4881708114974392,False,[-9.16826392e-13 -9.06431343e-13  3.29352995e-13],1.3306621687748289e-12,0.09735969477324809,2.121524247314894
306.off,306.off,./normalized/306.off,normalized,53592,26798,triangles,[0.99784204 0.76808817 0.537988  ],1.3693353330324163,False,[-1.47285304e-12 -6.53446113e-13 -5.02733438e-13],1.6879066320416463e-12,0.09947630217558383,1.653908089014822
299.off,299.off,./normalized/299.off,normalized,34230,17117,triangles,[1.03171687 0.92678981 0.83443312],1.6185356593182278,False,[ 2.95028737e-12  2.64753774e-13 -2.72381434e-12],4.024109176149072e-12,0.07425397498079979,1.9120984525164086
298.off,298.off,./normalized/298.off,normalized,29996,15000,triangles,[1.13136756 0.88697594 0.67464336],1.5880373273833093,False,[ 7.19977911e-13 -1.25564821e-13 -2.84995481e-12],2.942172184245999e-12,0.030098345896772394,1.80650991922193
307.off,307.off,./normalized/307.off,normalized,54874,27439,triangles,[0.95461421 0.78011252 0.71974348],1.42754842643255,False,[ 1.95235801e-13  5.04268549e-14 -4.05176243e-13],4.5257891400717326e-13,0.041695700971186425,2.326235044063572
313.off,313.off,./normalized/313.off,normalized,21700,10852,triangles,[1.01262988 0.78181264 0.57408662],1.4022217093426175,False,[-1.21553424e-12 -3.18254715e-12 -1.63070859e-12],3.776948556118689e-12,0.046573488792235995,2.2539619916028077
10.off,10.off,./normalized/10.off,normalized,19012,9508,triangles,[1.00080037 0.55258774 0.1878625 ],1.1585537972226887,False,[-7.01558444e-12 -2.20909337e-12 -5.58593095e-13],7.37635037314822e-12,0.02514111956852831,0.542520782819374
38.off,38.off,./normalized/38.off,normalized,30128,15064,triangles,[0.83079261 1.04086946 0.71975226],1.51382591743554,False,[-1.47960742e-12  6.44601920e-13  4.52931122e-12],4.808264749169091e-12,0.08238480807043953,3.815426854272336
139.off,139.off,./normalized/139.off,normalized,16030,8017,triangles,[1.11641157 1.03220642 0.33803681],1.5575923052139333,False,[ 6.31148069e-12 -7.23378221e-13  1.23199763e-12],6.4711577570405785e-12,0.08358024218503615,0.800093824383042
105.off,105.off,./normalized/105.off,normalized,18530,9261,triangles,[1.05346722 0.44741705 0.5452385 ],1.2677776722877256,False,[-2.29422316e-12  1.31043877e-12  2.30902237e-12],3.5088878581083697e-12,0.05671850728903399,0.8629123989419993
111.off,111.off,./normalized/111.off,normalized,16100,8050,triangles,[1.0841656  0.4101592  0.50631046],1.2649094476708425,False,[-9.39633572e-13 -5.17264953e-14  4.72042313e-13],1.0528109156754625e-12,0.06877930281608843,0.753041694432538
