,filename,path,category,num_faces,num_vertices,max_extent,faces_type,axis_aligned_bounding_box,boundingbox_diagonal,is_out,centroid,centroid_to_origin,boundingbox_distance,area
95.off,95.off,./psb-labeled-db/Ant/95.off,Ant,14706,7355,1.7779,triangles,[1.180749 1.7779   0.482461],2.188119107252162,False,[0.00561081 0.01682172 0.00129481],0.017779989025945252,0.10216486241609689,2.445665081612498
81.off,81.off,./psb-labeled-db/Ant/81.off,Ant,12736,6370,1.823238,triangles,[0.904025 1.823238 0.725729],2.1605880187370285,False,[-0.00018662  0.00909031  0.00692232],0.011427468803229153,0.1426468968204356,2.1753601462164505
94.off,94.off,./psb-labeled-db/Ant/94.off,Ant,14468,7236,1.72425,triangles,[1.72425  0.620909 1.493579],2.3641794090174293,False,[ 0.0096352  -0.00100668  0.00788067],0.012488214918921117,0.0767889581743365,2.276848174203304
82.off,82.off,./psb-labeled-db/Ant/82.off,Ant,16594,8299,1.7823799999999999,triangles,[1.106086 1.78238  0.973675],2.312649499907195,False,[ 0.00018404 -0.00111905  0.00814961],0.008228138073058422,0.11765235121428724,2.778507017009347
96.off,96.off,./psb-labeled-db/Ant/96.off,Ant,17004,8504,1.696256,triangles,[1.383583 1.696256 0.734445],2.308894929062386,False,[0.00736428 0.00260574 0.00317486],0.008432215003647218,0.14065648101491804,2.5912935195128592
97.off,97.off,./psb-labeled-db/Ant/97.off,Ant,16330,8167,1.713002,triangles,[1.05236  1.713002 0.396162],2.049092909520698,False,[0.00108481 0.00904201 0.00138713],0.009211890874827747,0.04673337177007452,2.510812248913327
83.off,83.off,./psb-labeled-db/Ant/83.off,Ant,12748,6376,1.870698,triangles,[1.099426 1.870698 0.613919],2.2550266240647803,False,[0.00021722 0.0109218  0.00539918],0.012185403615679791,0.06277439232083416,2.3287467074557213
87.off,87.off,./psb-labeled-db/Ant/87.off,Ant,14936,7470,1.838758,triangles,[1.227999 1.838758 0.855512],2.3708465384138635,False,[-0.00395574  0.00253891  0.00338874],0.00579461190778996,0.1369712521525959,2.6638235904857446
93.off,93.off,./psb-labeled-db/Ant/93.off,Ant,16432,8216,1.837933,triangles,[1.54178  1.837933 0.715852],2.5035030191299947,False,[0.00013555 0.0189174  0.00744276],0.020329319370455987,0.13827386767661487,2.849598754189309
92.off,92.off,./psb-labeled-db/Ant/92.off,Ant,11730,5867,1.908918,triangles,[0.958713 1.908918 0.574583],2.212067849543047,False,[-0.00074562  0.01600328  0.00634789],0.01723243052412884,0.055536939801361,2.189545082182567
86.off,86.off,./psb-labeled-db/Ant/86.off,Ant,14072,7038,1.826308,triangles,[0.640765 1.826308 0.835541],2.1081056564532052,False,[-0.00109279  0.01234746  0.01233625],0.017488195929935987,0.06457991088179049,2.4459235896492753
90.off,90.off,./psb-labeled-db/Ant/90.off,Ant,15750,7877,1.80551,triangles,[1.12118  1.80551  0.842334],2.286140310666867,False,[-0.0003224   0.01019712  0.00900986],0.013611132471249064,0.059226516113983954,2.697030506545188
84.off,84.off,./psb-labeled-db/Ant/84.off,Ant,13696,6850,1.75033,triangles,[0.86687  1.75033  0.947641],2.1709772386372457,False,[2.75593570e-05 7.02576669e-03 1.08197883e-02],0.012900774275671373,0.0542267033964817,2.2155852676763974
85.off,85.off,./psb-labeled-db/Ant/85.off,Ant,16772,8388,1.749529,triangles,[1.092875 1.749529 0.609625],2.15101606876634,False,[5.45661537e-03 1.60553575e-02 2.95114081e-06],0.01695727470323379,0.1462079169017533,2.68945573677125
91.off,91.off,./psb-labeled-db/Ant/91.off,Ant,17276,8640,1.773255,triangles,[1.164467 1.773255 0.89875 ],2.303946234531961,False,[-0.00185061  0.00393263  0.00830215],0.009371023625851288,0.09571493178443999,2.8699649229813033
88.off,88.off,./psb-labeled-db/Ant/88.off,Ant,16416,8210,1.825566,triangles,[1.510853 1.825566 1.013151],2.577177323500655,False,[-0.00166851  0.00725109  0.00963587],0.012174243535653972,0.14850162529918653,2.847303205136166
89.off,89.off,./psb-labeled-db/Ant/89.off,Ant,15304,7654,1.808662,triangles,[1.026235 1.808662 0.63835 ],2.175294745079158,False,[-1.66699967e-04  4.59561236e-03  7.46996415e-05],0.004599241445471306,0.11514641928974605,2.5815764447678027
99.off,99.off,./psb-labeled-db/Ant/99.off,Ant,13758,6881,1.75245,triangles,[1.261102 1.75245  0.764711],2.2904676750447717,False,[-0.00034658  0.00816375  0.0021357 ],0.008445602630691726,0.12194452493347128,2.217973127668262
98.off,98.off,./psb-labeled-db/Ant/98.off,Ant,12304,6154,1.896911,triangles,[0.838152 1.896911 0.810004],2.2264044100389757,False,[-0.00052722  0.01120086  0.00423854],0.011987592209007037,0.036951135872257054,2.3166809190987774
100.off,100.off,./psb-labeled-db/Ant/100.off,Ant,16124,8064,1.681332,triangles,[0.756189 1.681332 1.071486],2.13231830319514,False,[0.00024728 0.00315874 0.00784457],0.008460259384402943,0.028976191334438704,2.366413218718583
194.off,194.off,./psb-labeled-db/Hand/194.off,Hand,16938,8471,1.752393,triangles,[0.796404 1.752393 0.661347],2.0353182581783127,False,[ 0.0049206  -0.01294357 -0.00312285],0.014195083441779522,0.12936185444519568,2.8521067938932263
181.off,181.off,./psb-labeled-db/Hand/181.off,Hand,14480,7242,1.920398,triangles,[0.93436  0.680823 1.920398],2.241534529141365,False,[-0.00413333  0.00135329 -0.02404542],0.024435589478763693,0.12606503156803633,2.8870044733718934
195.off,195.off,./psb-labeled-db/Hand/195.off,Hand,17044,8524,1.694359,triangles,[0.716968 1.694359 0.746709],1.9855653765580221,False,[ 0.00207244 -0.00686273 -0.00338332],0.007927104087097018,0.14482793858748386,2.726053241463069
183.off,183.off,./psb-labeled-db/Hand/183.off,Hand,22822,11413,1.860552,triangles,[1.673297 1.860552 0.63573 ],2.5818073568360984,False,[-0.01192359  0.0525163  -0.0058178 ],0.0541662282742167,0.16979082099233161,5.206758973701102
197.off,197.off,./psb-labeled-db/Hand/197.off,Hand,15102,7553,1.6390289999999998,triangles,[0.708622 1.639029 0.828736],1.9685945645106813,False,[0.00139084 0.00245052 0.00721943],0.007749816801633228,0.22130312190805168,2.4540542292248215
196.off,196.off,./psb-labeled-db/Hand/196.off,Hand,14220,7112,1.5758429999999999,triangles,[1.234385 1.575843 0.634566],2.0999194025557264,False,[-0.00017203 -0.00902068  0.0053741 ],0.010501580460084313,0.22836111389091618,2.291847059908873
182.off,182.off,./psb-labeled-db/Hand/182.off,Hand,20562,10283,1.8794469999999999,triangles,[0.87281  1.879447 1.011166],2.305769936803106,False,[0.00304451 0.01322341 0.00341434],0.013992334246594084,0.055432280859170846,4.174788294070885
186.off,186.off,./psb-labeled-db/Hand/186.off,Hand,13210,6607,1.8286120000000001,triangles,[1.0494   0.609905 1.828612],2.1947770537275533,False,[-0.00288863  0.01529717 -0.08237503],0.08383312674223335,0.12237293049629071,3.13511236071526
192.off,192.off,./psb-labeled-db/Hand/192.off,Hand,13978,6991,1.802525,triangles,[1.158728 1.802525 0.59095 ],2.2228290208895958,False,[ 0.00479734 -0.00021236  0.00324545],0.005795905267803826,0.103067158912284,2.8895254553349865
193.off,193.off,./psb-labeled-db/Hand/193.off,Hand,14624,7314,1.6053419999999998,triangles,[0.754948 1.605342 0.606273],1.8747363468490708,False,[0.001511   0.00575766 0.00626384],0.00864115014609239,0.18772297324848122,2.3732337070863725
187.off,187.off,./psb-labeled-db/Hand/187.off,Hand,15256,7628,1.928293,triangles,[0.937751 0.682142 1.928293],2.2501130060541406,False,[-0.00485944  0.00021434 -0.01898938],0.019602459789093127,0.12361682626770516,3.0426864873220385
191.off,191.off,./psb-labeled-db/Hand/191.off,Hand,27528,13766,1.796312,triangles,[1.233675 1.796312 1.162614],2.4698911150018334,False,[-0.00789501 -0.01571185 -0.00407814],0.018050613066459796,0.1673517783450478,4.9307845079487915
185.off,185.off,./psb-labeled-db/Hand/185.off,Hand,4974,2489,1.65517,triangles,[1.008116 0.357655 1.65517 ],1.9707365875177232,True,[ 0.00868393 -0.0008078  -0.18831422],0.18851607212859633,0.16880246699396897,2.499121305509969
184.off,184.off,./psb-labeled-db/Hand/184.off,Hand,9366,4685,1.731493,triangles,[0.725809 0.902575 1.731493],2.0831486610789445,False,[-0.03376047  0.00473243  0.10921027],0.11440738116715043,0.13312804195491648,3.3751942602008533
190.off,190.off,./psb-labeled-db/Hand/190.off,Hand,14996,7500,1.6097670000000002,triangles,[1.162981 1.609767 0.512442],2.0509684063909908,False,[0.00706543 0.01221839 0.00330367],0.014495640631340932,0.23713006449520482,2.381574498881214
189.off,189.off,./psb-labeled-db/Hand/189.off,Hand,28164,14084,1.441688,triangles,[1.241818 1.441688 1.193902],2.2463254929043566,False,[ 0.00461888 -0.00358917  0.00539341],0.007956444286117983,0.1931284375331608,3.3662816625043637
200.off,200.off,./psb-labeled-db/Hand/200.off,Hand,3026,1515,1.724604,triangles,[1.307672 1.724604 0.648263],2.2593162535530524,True,[ 0.0113536  -0.11289579 -0.02707783],0.11665149762785561,0.09768849987716056,2.5787712179113518
188.off,188.off,./psb-labeled-db/Hand/188.off,Hand,17202,8603,1.777404,triangles,[1.165294 1.777404 1.176891],2.4294335783332297,False,[-0.02382544 -0.04521221  0.0284956 ],0.05851320317230483,0.18174431471782,3.372869779511552
198.off,198.off,./psb-labeled-db/Hand/198.off,Hand,19124,9564,1.94167,triangles,[0.674338 0.549019 1.94167 ],2.1274952384212287,False,[-0.00102348  0.00050014 -0.00152392],0.001902629276930663,0.09787533823313203,2.429211726173434
199.off,199.off,./psb-labeled-db/Hand/199.off,Hand,17290,8647,1.881539,triangles,[0.815589 1.881539 0.707565],2.1693369158955,False,[-9.12894874e-04  2.91391155e-06 -2.16132783e-05],0.0009131553401886795,0.058879873596586474,3.7693103167274065
35.off,35.off,./psb-labeled-db/Cup/35.off,Cup,30268,15136,1.535168,triangles,[0.999464 1.535168 0.954255],2.0654955048474446,False,[-0.00097581 -0.04236209  0.00047934],0.04237604194587748,0.11418816151094645,6.277348318995146
21.off,21.off,./psb-labeled-db/Cup/21.off,Cup,30396,15198,1.662662,triangles,[1.662662 1.088976 1.234866],2.3399161721685675,False,[ 0.03889132 -0.01115028 -0.00128098],0.04047844758766646,0.12891689218640043,8.53271026313711
34.off,34.off,./psb-labeled-db/Cup/34.off,Cup,19204,9602,1.573558,triangles,[1.255926 1.573558 1.558299],2.545924325317035,False,[ 0.00158898  0.00664765 -0.03776915],0.038382609656669404,0.08660918018460861,11.147574305086849
22.off,22.off,./psb-labeled-db/Cup/22.off,Cup,30004,15002,1.7603550000000001,triangles,[1.760355 1.308461 1.381655],2.5922751500508197,False,[-0.06714901  0.02290097 -0.00134202],0.07095946518373901,0.08151550200268659,11.408528836186372
36.off,36.off,./psb-labeled-db/Cup/36.off,Cup,18152,9076,1.618355,triangles,[1.417117 1.618355 1.349044],2.5391363121443478,False,[-0.00410998 -0.01270707 -0.00300206],0.013688463901624271,0.08958731880963956,8.935174288494995
37.off,37.off,./psb-labeled-db/Cup/37.off,Cup,12540,6270,1.722501,triangles,[1.349375 1.348718 1.722501],2.570381845008636,False,[ 0.0561484   0.00286889 -0.00414044],0.05637389810439352,0.13871214083669822,12.477987309706394
23.off,23.off,./psb-labeled-db/Cup/23.off,Cup,30074,15037,1.7745090000000001,triangles,[1.774509 1.026499 1.431166],2.500163696168313,False,[ 0.02948023 -0.02662177  0.00069627],0.039727666370240236,0.11977200269052861,8.32827291862697
27.off,27.off,./psb-labeled-db/Cup/27.off,Cup,30274,15137,1.506114,triangles,[1.506114 1.103634 1.365564],2.313255806228096,False,[-5.20735443e-02  1.80270147e-05 -8.17008273e-03],0.05271057378453282,0.11259909517398442,9.935083362219029
33.off,33.off,./psb-labeled-db/Cup/33.off,Cup,14698,7349,1.712402,triangles,[1.712402 1.26666  1.347274],2.5202966881460602,False,[-0.01436859 -0.01125814 -0.00042517],0.018258779308987408,0.1162762733234945,10.448486579804186
32.off,32.off,./psb-labeled-db/Cup/32.off,Cup,29502,14751,1.472642,triangles,[1.472642 1.332937 1.066941],2.2547191850902406,False,[-0.04891183  0.00371237 -0.00204498],0.04909511976822346,0.12299599500593507,9.682185321588578
26.off,26.off,./psb-labeled-db/Cup/26.off,Cup,30418,15209,1.55596,triangles,[1.55596  1.043261 1.486814],2.3916565193014234,False,[-0.05610606 -0.00305972 -0.06983618],0.0896345073867041,0.13742442622128712,10.73081164192827
30.off,30.off,./psb-labeled-db/Cup/30.off,Cup,30008,15006,1.446721,triangles,[1.091406 1.446721 1.0917  ],2.1156506324714863,False,[ 0.00152014 -0.02999539  0.00183824],0.030090089576575756,0.2050567673505315,4.257558865908927
24.off,24.off,./psb-labeled-db/Cup/24.off,Cup,30492,15246,1.782751,triangles,[1.782751 1.330937 1.403472],2.630461571807123,False,[-0.06699057  0.00946753 -0.003893  ],0.06776817568752731,0.0625811556500837,11.531435526423929
25.off,25.off,./psb-labeled-db/Cup/25.off,Cup,30170,15087,1.706782,triangles,[1.164689 1.706782 1.147809],2.363698534654113,False,[-0.00583935 -0.06766041 -0.00509311],0.06810263284431554,0.032571597665757825,11.91953019373518
31.off,31.off,./psb-labeled-db/Cup/31.off,Cup,30454,15227,1.756707,triangles,[1.756707 1.56557  1.291925],2.6844178352808643,False,[ 0.04854141 -0.02165096 -0.00109631],0.05316233916485613,0.1416082462976645,10.694650074410507
40.off,40.off,./psb-labeled-db/Cup/40.off,Cup,30326,15165,1.846071,triangles,[1.032639 1.846071 1.026595],2.351216437375981,False,[-0.00142245 -0.03868383  0.00100491],0.038723018070361055,0.0022242222798092787,11.282776550102286
28.off,28.off,./psb-labeled-db/Cup/28.off,Cup,30140,15070,1.6866210000000001,triangles,[1.686621 1.102186 1.250727],2.371459973258246,False,[ 0.0481199  -0.02038655 -0.00141279],0.05227936784688346,0.12042644356411095,8.75425789329659
29.off,29.off,./psb-labeled-db/Cup/29.off,Cup,30254,15127,1.56017,triangles,[1.56017  0.991265 1.291116],2.254710015629726,False,[-0.06505433 -0.00194583 -0.06385674],0.09117858786994326,0.15597407933451635,8.964377219321465
39.off,39.off,./psb-labeled-db/Cup/39.off,Cup,30322,15161,1.669012,triangles,[1.669012 1.118836 1.281506],2.383202190137463,False,[-0.08369754 -0.0476537  -0.01908361],0.09818521831715138,0.0978860094906315,11.659442331223698
38.off,38.off,./psb-labeled-db/Cup/38.off,Cup,30128,15064,1.710175,triangles,[1.710175 1.301681 1.230683],2.4766212069824083,False,[ 0.12793806 -0.07639749  0.00454656],0.14908184086849463,0.0584248564803543,11.158973314219855
209.off,209.off,./psb-labeled-db/Plier/209.off,Plier,10216,5110,1.615475,triangles,[1.615475 0.159567 1.479387],2.1963166891145276,False,[-0.00089049  0.00010258 -0.00662601],0.0066863693261066115,0.08560265509170849,1.650789984339169
220.off,220.off,./psb-labeled-db/Plier/220.off,Plier,8910,4457,1.573372,triangles,[1.573372 0.14335  1.470025],2.1580134785281118,False,[ 0.00265878  0.00031665 -0.00172024],0.003182548495749724,0.1441607983823966,1.3908060046236326
208.off,208.off,./psb-labeled-db/Plier/208.off,Plier,12204,6104,1.614306,triangles,[1.495975 0.160861 1.614306],2.2067626341729643,False,[ 0.00170694 -0.0001279   0.00340886],0.0038144899153101093,0.07531920831700237,1.7143214080191864
218.off,218.off,./psb-labeled-db/Plier/218.off,Plier,12392,6198,1.6145749999999999,triangles,[1.263951 0.159861 1.614575],2.0566915423434304,False,[-0.00478735 -0.00011533 -0.00128718],0.004958715585198109,0.05581804393518281,1.714961607159402
219.off,219.off,./psb-labeled-db/Plier/219.off,Plier,7880,3942,1.562595,triangles,[1.545913 0.13956  1.562595],2.2025047403340587,False,[ 0.0004294   0.00044432 -0.00146331],0.0015884181357850456,0.18080167553841972,1.2938209775409013
214.off,214.off,./psb-labeled-db/Plier/214.off,Plier,7604,3804,1.803375,triangles,[1.193598 0.164355 1.803375],2.1688361261870384,False,[-0.00241001 -0.00166531  0.00790022],0.008425845487210789,0.061210566077271315,1.508754807607323
215.off,215.off,./psb-labeled-db/Plier/215.off,Plier,8922,4463,1.860784,triangles,[1.210511 0.167522 1.860784],2.2261890297683617,False,[-0.00370655  0.00014313  0.00510663],0.006311626123408423,0.05194847408971698,1.6129797391680931
201.off,201.off,./psb-labeled-db/Plier/201.off,Plier,8970,4487,1.835687,triangles,[1.191802 0.164932 1.835687],2.194844261854813,False,[-7.60524937e-03  6.76785762e-05  2.63958956e-03],0.008050579575150209,0.0952956570324692,1.570811421783398
217.off,217.off,./psb-labeled-db/Plier/217.off,Plier,10398,5201,1.7658369999999999,triangles,[1.271685 0.160036 1.765837],2.1819657584595595,False,[-5.53767650e-03 -1.71917258e-04  7.15739541e-05],0.0055408067490552056,0.04862529063666355,1.755210063572128
203.off,203.off,./psb-labeled-db/Plier/203.off,Plier,7808,3906,1.813083,triangles,[1.212493 0.164362 1.813083],2.187332646622822,False,[-0.00449676 -0.00109209 -0.01153437],0.012428002871369049,0.12260269849599556,1.6046565117832186
202.off,202.off,./psb-labeled-db/Plier/202.off,Plier,8978,4491,1.8315510000000002,triangles,[1.201579 0.164657 1.831551],2.196698223810226,False,[-7.26486625e-03 -1.11591627e-05  3.15903533e-03],0.007921989037011827,0.10770769646942599,1.572963925305921
216.off,216.off,./psb-labeled-db/Plier/216.off,Plier,8952,4478,1.8707150000000001,triangles,[1.216829 0.168461 1.870715],2.237996098072336,False,[-4.47027597e-03  5.06928700e-05  4.77532576e-03],0.006541381592574186,0.05381629755705978,1.6347936592157775
212.off,212.off,./psb-labeled-db/Plier/212.off,Plier,8592,4298,1.778564,triangles,[1.778564 0.159737 1.376048],2.2543987911567465,False,[-7.48733593e-03  7.65679359e-05  6.74325435e-03],0.01007658380570854,0.09860876078853235,1.4085682423321237
206.off,206.off,./psb-labeled-db/Plier/206.off,Plier,9584,4794,1.8143340000000001,triangles,[1.255816 0.163805 1.814334],2.212625989053957,False,[-4.83515826e-03 -6.21086250e-05  4.31683031e-03],0.006482101268795786,0.12571447427901852,1.6831028132455723
207.off,207.off,./psb-labeled-db/Plier/207.off,Plier,10400,5202,1.752701,triangles,[1.3928   0.158676 1.752701],2.2443330208275687,False,[-0.00127389 -0.00019474  0.00349393],0.003724009914272302,0.09078829608077242,1.7359876363154272
213.off,213.off,./psb-labeled-db/Plier/213.off,Plier,7922,3963,1.740234,triangles,[1.187602 0.157025 1.740234],2.112692532240553,False,[-0.00029976 -0.00242166  0.00290881],0.0037967701930569854,0.06792648505001565,1.4569231482075677
205.off,205.off,./psb-labeled-db/Plier/205.off,Plier,8952,4478,1.8736739999999998,triangles,[1.276904 0.171887 1.873674],2.2739136360603056,False,[-0.00167841 -0.00045456  0.00359011],0.003989056304818097,0.044477644803316646,1.747661477195007
211.off,211.off,./psb-labeled-db/Plier/211.off,Plier,8564,4284,1.713292,triangles,[1.713292 0.151997 1.418121],2.2292464502414266,False,[-0.00331084 -0.00079049 -0.00428713],0.005474121971531302,0.10662476782858664,1.5097906568954793
210.off,210.off,./psb-labeled-db/Plier/210.off,Plier,11012,5508,1.672086,triangles,[1.672086 0.164291 1.432473],2.207904440823017,False,[-2.66189160e-03 -9.85225781e-05  1.15803267e-03],0.002904550441292741,0.08853060534357593,1.611759836162736
204.off,204.off,./psb-labeled-db/Plier/204.off,Plier,8810,4407,1.736696,triangles,[1.736696 0.154599 1.378365],2.222589462865781,False,[-0.01044827 -0.00040344  0.00329467],0.010962840833074613,0.10037243779793334,1.4255551602224212
108.off,108.off,./psb-labeled-db/Chair/108.off,Chair,21008,10500,1.78388,triangles,[1.11063  1.78388  1.088375],2.3664925505745837,False,[0.00548413 0.02144792 0.0037397 ],0.022451602538907083,0.06757269470910574,3.5910257300543
120.off,120.off,./psb-labeled-db/Chair/120.off,Chair,20242,10121,1.698185,triangles,[0.771519 1.698185 0.750347],2.0104960785823485,False,[ 0.00022525  0.0263763  -0.00568545],0.026983035131360394,0.09640280511867899,2.7502820956180885
109.off,109.off,./psb-labeled-db/Chair/109.off,Chair,20602,10301,1.389456,triangles,[0.856838 1.389456 0.875855],1.8525337554832841,False,[5.50501548e-05 1.37440407e-02 2.12031889e-03],0.013906740731968148,0.09840186591345716,1.9375973703995584
119.off,119.off,./psb-labeled-db/Chair/119.off,Chair,24652,12326,1.620559,triangles,[0.888512 1.620559 0.921199],2.06501153609998,False,[-0.00015542  0.00747147  0.00141131],0.007605185959007654,0.10420937427362281,2.989903307810031
118.off,118.off,./psb-labeled-db/Chair/118.off,Chair,18306,9153,1.637554,triangles,[0.779291 1.637554 0.789047],1.97774435501811,False,[-0.00040057  0.01415345 -0.00027679],0.01416182466394979,0.07722296948771137,2.259433946905457
115.off,115.off,./psb-labeled-db/Chair/115.off,Chair,20086,10043,1.5033349999999999,triangles,[0.827613 1.503335 0.941032],1.9571664786159608,False,[ 0.01130084  0.03364161 -0.00201848],0.03554632540331445,0.11555539814521867,2.2275290817294757
101.off,101.off,./psb-labeled-db/Chair/101.off,Chair,16998,8499,1.6493959999999999,triangles,[0.801122 1.649396 0.763343],1.9862014397711525,False,[-0.00375186  0.00820347 -0.00027646],0.00902495429690551,0.09324652460145631,2.2662722914977858
114.off,114.off,./psb-labeled-db/Chair/114.off,Chair,11588,5794,1.425284,triangles,[0.609785 1.425284 0.698174],1.7002115048302078,False,[ 0.00093254  0.06579905 -0.00253237],0.0658543659176751,0.16335989289372715,1.0076493062581204
102.off,102.off,./psb-labeled-db/Chair/102.off,Chair,31456,15724,1.570565,triangles,[1.198178 1.570565 1.246189],2.3356566448495806,False,[0.00319953 0.00982668 0.00334415],0.010862041394617265,0.060756874125484826,3.929325512379922
116.off,116.off,./psb-labeled-db/Chair/116.off,Chair,26926,13463,1.639866,triangles,[0.97561  1.639866 1.045958],2.1760063207215183,False,[ 2.59339562e-05  6.21691091e-03 -8.59166998e-04],0.006276051449948692,0.08807260041579336,3.609377718978943
117.off,117.off,./psb-labeled-db/Chair/117.off,Chair,28744,14372,1.596444,triangles,[0.941904 1.596444 0.969454],2.0918072684805358,False,[-0.00086055  0.01763016 -0.00479618],0.018291155132028565,0.09145528065672315,3.4511790795014146
103.off,103.off,./psb-labeled-db/Chair/103.off,Chair,19304,9652,1.660331,triangles,[0.837828 1.660331 0.866825],2.0518382898683805,False,[-0.00167062  0.00896678 -0.00100927],0.00917674495081917,0.07349606970103911,2.613103701174998
107.off,107.off,./psb-labeled-db/Chair/107.off,Chair,22854,11421,1.774406,triangles,[1.078001 1.774406 1.106313],2.3525584504547385,False,[ 0.00196885  0.02841415 -0.00522817],0.028958148494437567,0.08038732004800256,3.689781751929705
113.off,113.off,./psb-labeled-db/Chair/113.off,Chair,21500,10748,1.476756,triangles,[0.81298  1.476756 0.925913],1.9232939576427208,False,[ 0.01177851  0.03213565 -0.00172302],0.03426955049057468,0.13160309430727682,2.317938395837194
112.off,112.off,./psb-labeled-db/Chair/112.off,Chair,27256,13628,1.427564,triangles,[0.7854   1.427564 0.996021],1.9096727380724166,False,[-0.0003349   0.00974482  0.00339243],0.01032387404889584,0.08352395211704243,2.7394106455950706
106.off,106.off,./psb-labeled-db/Chair/106.off,Chair,28104,14052,1.542312,triangles,[1.053711 0.94543  1.542312],2.093530764465858,False,[ 0.00266649 -0.00022545  0.01253163],0.012814162124899185,0.1224173793717624,3.343648065545128
110.off,110.off,./psb-labeled-db/Chair/110.off,Chair,16920,8456,1.640487,triangles,[0.670631 1.640487 0.734867],1.9185862094310489,False,[-0.00625257  0.03032271  0.00676701],0.03169154403493525,0.07779585447020942,2.1142182000265017
104.off,104.off,./psb-labeled-db/Chair/104.off,Chair,17306,8653,1.70957,triangles,[0.682215 0.664191 1.70957 ],1.9568333029683445,False,[-1.15078863e-03  9.39525760e-05  1.17417741e-02],0.011798406742406849,0.06366977112021055,2.3851709208873375
105.off,105.off,./psb-labeled-db/Chair/105.off,Chair,18530,9261,1.660949,triangles,[0.662812 0.644883 1.660949],1.901037982691035,False,[-0.00065701 -0.00111243  0.00844926],0.008547468332439393,0.08835103413939197,2.380560944446321
111.off,111.off,./psb-labeled-db/Chair/111.off,Chair,16100,8050,1.6672120000000001,triangles,[0.681556 1.667212 0.747368],1.95004445116105,False,[-0.00699549  0.03378883  0.00862985],0.035568195758983255,0.062414118130435875,2.0931515709278643
369.off,369.off,./psb-labeled-db/Vase/369.off,Vase,27212,13606,1.74288,triangles,[1.14433  1.74288  1.149644],2.38092485602465,False,[ 0.01800062 -0.06975031  0.00838696],0.07252220042679047,0.08175870323702551,5.650737269514912
368.off,368.off,./psb-labeled-db/Vase/368.off,Vase,22400,11202,1.338829,triangles,[1.074485 1.338829 1.228824],2.1111583383161956,False,[ 0.00372021 -0.00923482  0.01852543],0.021031250104236787,0.11930156634973406,4.548263690748364
380.off,380.off,./psb-labeled-db/Vase/380.off,Vase,18708,9356,1.5970529999999998,triangles,[1.133525 1.597053 0.863315],2.140273346948702,False,[-0.00189751 -0.00029078  0.00142631],0.0023915408425298633,0.20143175026482293,4.929283310369113
378.off,378.off,./psb-labeled-db/Vase/378.off,Vase,13368,6684,1.484219,triangles,[1.484219 1.160249 0.75445 ],2.0293542284337645,False,[ 0.00224314 -0.00170811 -0.00013913],0.002822885056851232,0.1167079352293579,3.1785671915736713
379.off,379.off,./psb-labeled-db/Vase/379.off,Vase,13842,6923,1.838741,triangles,[1.838741 1.178423 0.930613],2.3739607805898983,False,[ 0.00010104  0.00029207 -0.00131918],0.00135489996428433,0.08150806569137806,4.321566455088935
374.off,374.off,./psb-labeled-db/Vase/374.off,Vase,29744,14872,1.929384,triangles,[0.679525 1.929384 0.675355],2.1541544097640726,False,[-0.00954098 -0.04673455  0.00859822],0.04846728282392971,0.021668288361105015,3.686579861533798
361.off,361.off,./psb-labeled-db/Vase/361.off,Vase,29734,14859,1.942977,triangles,[1.008861 1.942977 1.044893],2.4258527410580797,False,[-0.00220399 -0.05890029  0.00944966],0.05969420432110195,0.03025362518360406,5.333138271108384
375.off,375.off,./psb-labeled-db/Vase/375.off,Vase,23520,11762,1.8783400000000001,triangles,[1.87834  0.692602 1.10368 ],2.2860376699442204,False,[-0.00508787 -0.00036452 -0.0129494 ],0.013917837101620796,0.05626695884797755,3.195984631427094
363.off,363.off,./psb-labeled-db/Vase/363.off,Vase,26864,13434,1.651936,triangles,[0.606193 1.651936 0.594705],1.8574273978731983,False,[-8.77300688e-07  2.31721049e-02 -6.24068762e-05],0.0231721889958642,0.1733797039289778,2.1590536844457633
377.off,377.off,./psb-labeled-db/Vase/377.off,Vase,30342,15169,1.6634929999999999,triangles,[1.051351 1.663493 0.65056 ],2.072625436457345,False,[ 0.00048472 -0.07485101 -0.00125599],0.0748631138949577,0.16820240358419378,3.3436517196155444
376.off,376.off,./psb-labeled-db/Vase/376.off,Vase,25132,12568,1.990215,triangles,[1.990215 0.795108 1.552376],2.646322679354315,False,[-0.0060992   0.02891194 -0.01777837],0.03448435432317542,0.09075249915704801,6.124408775812058
362.off,362.off,./psb-labeled-db/Vase/362.off,Vase,28952,14476,1.633511,triangles,[0.738683 1.633511 0.737381],1.9384894894662184,False,[ 0.00402129 -0.01673462 -0.00201969],0.01732908830652087,0.17423931450378816,3.576003205488142
366.off,366.off,./psb-labeled-db/Vase/366.off,Vase,21274,10637,1.844393,triangles,[0.915131 1.844393 0.941354],2.263934106577751,False,[0.00095183 0.00082398 0.00060605],0.001397214984745064,0.0630424741781285,4.422464756081487
372.off,372.off,./psb-labeled-db/Vase/372.off,Vase,13368,6684,1.4859740000000001,triangles,[1.485974 1.168686 0.767334],2.040281147986228,False,[ 0.00206952 -0.00806481  0.00028072],0.008330842886090687,0.1083073784605647,3.171744702003762
373.off,373.off,./psb-labeled-db/Vase/373.off,Vase,21112,10556,1.884291,triangles,[0.798676 1.884291 0.81694 ],2.2035940845030875,False,[7.34829206e-05 2.09802066e-03 5.38622647e-04],0.0021673035725376525,0.05732949660733121,3.93451775542541
367.off,367.off,./psb-labeled-db/Vase/367.off,Vase,7800,3900,1.8510170000000001,triangles,[1.851017 1.189716 0.938042],2.39198889811575,False,[-9.00354051e-04  3.79091162e-05 -1.98103603e-02],0.019830845929402267,0.0635561807006211,4.438505544320099
371.off,371.off,./psb-labeled-db/Vase/371.off,Vase,29194,14599,1.737221,triangles,[1.131684 1.737221 1.137024],2.364628735187196,False,[ 0.00172473 -0.04093078  0.00613055],0.041423270677170616,0.12212050880278054,5.116790404644222
365.off,365.off,./psb-labeled-db/Vase/365.off,Vase,27028,13514,1.694778,triangles,[1.694778 1.354556 1.69009 ],2.750181563919008,False,[0.02211026 0.00843505 0.01817142],0.029836454842479064,0.04872945870825986,7.696390148453237
364.off,364.off,./psb-labeled-db/Vase/364.off,Vase,27100,13548,1.651551,triangles,[1.651551 1.230085 1.083688],2.327038782265994,False,[-0.00137305 -0.00341933  0.01168572],0.012252887519168568,0.035971128874418175,4.4161677751901
370.off,370.off,./psb-labeled-db/Vase/370.off,Vase,27836,13920,1.8285939999999998,triangles,[1.112663 1.828594 1.110723],2.4115307485358755,False,[ 0.00397077 -0.00731259  0.00528097],0.009855434980248295,0.07575009420126154,4.920441438139703
56.off,56.off,./psb-labeled-db/Glasses/56.off,Glasses,17538,8771,1.3042,triangles,[1.3042   1.272597 0.405257],1.866728153871902,False,[ 3.69443905e-05 -5.16228001e-03 -1.42184640e-04],0.005164369876988347,0.3518207079273476,1.4382533392565338
42.off,42.off,./psb-labeled-db/Glasses/42.off,Glasses,8324,4164,1.250872,triangles,[1.250872 0.90491  0.30706 ],1.5741120392411716,False,[-0.01085847 -0.02941969 -0.00309089],0.03151156109606017,0.35702366228164767,0.5733849609263711
43.off,43.off,./psb-labeled-db/Glasses/43.off,Glasses,6824,3414,1.255856,triangles,[1.255856 0.244535 0.921703],1.5768665381604114,True,[ 0.00447512 -0.00036512  0.05129786],0.051493984385929836,0.31675538908043854,0.4599768690244266
57.off,57.off,./psb-labeled-db/Glasses/57.off,Glasses,14822,7413,1.097453,triangles,[1.041721 1.097453 0.331225],1.5489660195352897,False,[-0.00024339 -0.02347971 -0.0036547 ],0.023763690135045236,0.3141369748099545,0.8304151541447796
41.off,41.off,./psb-labeled-db/Glasses/41.off,Glasses,14028,7016,1.0840859999999999,triangles,[1.023535 1.084086 0.327073],1.52638235673438,False,[-5.22764753e-05 -2.00021115e-02 -2.31585616e-03],0.02013579866075718,0.32483640582684076,0.7815101501365679
55.off,55.off,./psb-labeled-db/Glasses/55.off,Glasses,5696,2850,1.512944,triangles,[1.512944 0.270931 0.826146],1.7449700190011863,True,[-0.00138997 -0.00169807  0.02142904],0.021541101448166268,0.24747428454134382,0.5875345074174783
54.off,54.off,./psb-labeled-db/Glasses/54.off,Glasses,14810,7407,1.097702,triangles,[1.042433 0.331221 1.097702],1.549620466802759,False,[-0.00050113 -0.00364875  0.02359891],0.0238845803753644,0.3141953901611225,0.8300554698944966
44.off,44.off,./psb-labeled-db/Glasses/44.off,Glasses,12572,6288,1.212015,triangles,[1.052825 0.339154 1.212015],1.6408675377878619,False,[-0.00056893 -0.00088878  0.03853679],0.03855123608055175,0.31584703076568565,0.8817050270834743
50.off,50.off,./psb-labeled-db/Glasses/50.off,Glasses,14836,7420,1.0978189999999999,triangles,[1.043055 1.097819 0.333213],1.550548674874478,False,[-0.00027477 -0.0152294  -0.00298071],0.015520785995725626,0.3141390767777068,0.8592058750635554
51.off,51.off,./psb-labeled-db/Glasses/51.off,Glasses,5712,2858,1.549827,triangles,[1.549827 0.828585 0.276768],1.779077670586082,True,[ 0.00032511 -0.021773   -0.00187842],0.02185629603505135,0.23492705507986938,0.6154900813783913
45.off,45.off,./psb-labeled-db/Glasses/45.off,Glasses,10794,5399,1.235099,triangles,[1.235099 0.324376 1.088663],1.6780573460838577,False,[-0.00011368 -0.00145432  0.04810182],0.04812393233546341,0.35371088142931084,0.7562537763427107
53.off,53.off,./psb-labeled-db/Glasses/53.off,Glasses,4988,2496,1.770104,triangles,[1.770104 0.642563 0.28935 ],1.9052240819087396,True,[ 0.01159486 -0.00583917  0.00111489],0.013029958173108059,0.22569602251978216,0.6526535194298132
47.off,47.off,./psb-labeled-db/Glasses/47.off,Glasses,4052,2028,1.9847299999999999,triangles,[1.98473  0.137056 0.282781],2.009453312221262,True,[ 0.00606876 -0.00204398 -0.00195818],0.006696425021241679,0.0289469754076311,0.6304831998137006
46.off,46.off,./psb-labeled-db/Glasses/46.off,Glasses,4784,2394,1.8288630000000001,triangles,[1.828863 0.557834 0.278489],1.932220165365738,True,[ 2.35076296e-02 -2.14366253e-03 -5.24093720e-05],0.023605225810381332,0.19800548455409006,0.6634611271755477
52.off,52.off,./psb-labeled-db/Glasses/52.off,Glasses,3104,1554,1.879188,triangles,[1.879188 0.476446 0.22955 ],1.9521889080619224,True,[ 0.00326521 -0.02209045 -0.00290388],0.022518480519284702,0.13628645506065526,0.45519483093202534
60.off,60.off,./psb-labeled-db/Glasses/60.off,Glasses,4746,2375,1.801333,triangles,[1.801333 0.617453 0.245672],1.9200009155419693,True,[ 0.01860568 -0.00281775  0.00014407],0.0188183934339766,0.20774262095318813,0.6501226709840348
48.off,48.off,./psb-labeled-db/Glasses/48.off,Glasses,10348,5176,1.336546,triangles,[1.336546 0.967292 0.331412],1.682808051182309,False,[-0.0062059  -0.00763384  0.00044284],0.00984808937476272,0.3218212715794281,0.8009241907358112
49.off,49.off,./psb-labeled-db/Glasses/49.off,Glasses,6220,3110,1.690083,triangles,[1.690083 0.71453  0.309264],1.8608003357386305,True,[ 0.00040371 -0.01054089  0.00082292],0.010580665272697794,0.1713737563930079,0.7697576543770053
59.off,59.off,./psb-labeled-db/Glasses/59.off,Glasses,5786,2895,1.763537,triangles,[1.763537 0.686593 0.275596],1.9124397646027966,True,[-0.00176856 -0.00843924  0.00113604],0.008697077906369437,0.1502585390768192,0.7947336342388025
58.off,58.off,./psb-labeled-db/Glasses/58.off,Glasses,3710,1857,1.9430939999999999,triangles,[1.943094 0.221465 0.257074],1.9724979291591156,True,[-0.0016697  -0.00325667 -0.00037991],0.0036794213908686963,0.059211839409445806,0.5464615830282884
242.off,242.off,./psb-labeled-db/Bird/242.off,Bird,15694,7849,1.817851,triangles,[1.817851 0.802944 1.298609],2.373960121867678,False,[0.00014932 0.00347096 0.00603693],0.006965229545576394,0.028903045228833572,2.8309099655348096
256.off,256.off,./psb-labeled-db/Bird/256.off,Bird,11936,5970,1.7101229999999998,triangles,[1.710123 1.043429 1.636494],2.5867696776493263,False,[-0.01708588 -0.00140338 -0.0045087 ],0.017726393439721735,0.11736476801621513,2.0274208118345873
257.off,257.off,./psb-labeled-db/Bird/257.off,Bird,4266,2135,1.913893,triangles,[1.913893 0.273073 0.955231],2.1563908602428734,True,[-0.00256304 -0.00099482 -0.05213911],0.05221154245130449,0.10739565816526292,1.9338322546482543
243.off,243.off,./psb-labeled-db/Bird/243.off,Bird,6312,3158,1.9925000000000002,triangles,[1.9925   0.511655 0.563784],2.1330024584329483,True,[-0.0005767   0.0005982  -0.00132712],0.001565777445493949,0.005422322588153539,1.3908105464922793
255.off,255.off,./psb-labeled-db/Bird/255.off,Bird,10104,5054,1.941541,triangles,[1.941541 0.5273   1.064834],2.2762904454917434,False,[-0.00077075 -0.00493842  0.00734489],0.008884219116909365,0.04420046277189867,1.992186018335787
241.off,241.off,./psb-labeled-db/Bird/241.off,Bird,6952,3478,1.987865,triangles,[1.390134 0.286369 1.987865],2.4425574712464804,True,[ 0.00063403 -0.00560032 -0.00074344],0.005684913585949538,0.1308618669303629,1.3918080858542035
254.off,254.off,./psb-labeled-db/Bird/254.off,Bird,7272,3638,1.994842,triangles,[0.209791 1.994842 0.952077],2.2203282375752464,False,[-0.00057177 -0.00032956  0.00669303],0.006725491054762864,0.06623805981835518,1.5161980878391015
250.off,250.off,./psb-labeled-db/Bird/250.off,Bird,8556,4280,1.9146,triangles,[1.354728 1.9146   0.184352],2.3526510097946955,False,[-0.01168325 -0.0012561  -0.00058405],0.011765090337772387,0.08491159599253804,1.691937101639588
244.off,244.off,./psb-labeled-db/Bird/244.off,Bird,8998,4501,1.9671560000000001,triangles,[1.967156 0.27879  0.922156],2.190387701018247,False,[-0.00059849 -0.0027284   0.0026477 ],0.003848727818699458,0.0990452300618258,1.7407587303239491
245.off,245.off,./psb-labeled-db/Bird/245.off,Bird,12946,6475,1.815248,triangles,[1.815248 0.772397 1.256492],2.3389088424256728,False,[0.00067177 0.00274372 0.00898868],0.009422081975862424,0.042328886357309206,2.424967910390405
251.off,251.off,./psb-labeled-db/Bird/251.off,Bird,6312,3158,1.9925000000000002,triangles,[1.9925   0.511655 0.563784],2.1330024584329483,True,[-0.0005767   0.0005982  -0.00132712],0.001565777445493949,0.005422322588153539,1.3908105464922793
247.off,247.off,./psb-labeled-db/Bird/247.off,Bird,11034,5519,1.8517480000000002,triangles,[1.851748 0.728487 1.005123],2.2293353740076887,False,[-0.01157762 -0.00145205  0.00587329],0.013063126044674201,0.09199994180704683,2.0755688582124976
253.off,253.off,./psb-labeled-db/Bird/253.off,Bird,12324,6164,1.833585,triangles,[1.833585 0.491819 1.589853],2.476197173610171,False,[ 1.18552869e-05  3.47124835e-03 -1.45117134e-02],0.014921110274007676,0.12639138439288494,2.2341422207260906
252.off,252.off,./psb-labeled-db/Bird/252.off,Bird,12698,6351,1.736472,triangles,[1.736472 0.770138 1.066309],2.178408232932707,False,[ 0.00193485 -0.00893053  0.01005879],0.01358960153023672,0.13267269572617418,2.2128306133615268
246.off,246.off,./psb-labeled-db/Bird/246.off,Bird,8434,4219,1.94928,triangles,[1.94928  0.543701 0.64998 ],2.1255063623054626,False,[-0.00092908 -0.004006    0.00126981],0.004303910519442769,0.0821955243200626,1.6312860160687501
248.off,248.off,./psb-labeled-db/Bird/248.off,Bird,23576,11790,1.453949,triangles,[1.453949 1.193183 1.241455],2.253633484645407,False,[-0.00866331  0.01212733  0.01019953],0.018059772906144033,0.14401574808592985,2.8056185359079224
260.off,260.off,./psb-labeled-db/Bird/260.off,Bird,4990,2497,1.322677,triangles,[0.938034 1.110411 1.322677],1.9652976416833152,True,[ 0.15067587  0.09179511 -0.00115883],0.17643951500714358,0.10568010363119446,2.4509864629369753
249.off,249.off,./psb-labeled-db/Bird/249.off,Bird,7424,3714,1.9639410000000002,triangles,[1.963941 0.393377 0.961538],2.221793203935506,False,[-0.00041595 -0.00036722  0.00686581],0.006888193883280049,0.12610060047636568,1.3842948549118836
259.off,259.off,./psb-labeled-db/Bird/259.off,Bird,18026,9015,1.8022960000000001,triangles,[1.802296 0.602128 1.623276],2.4991706568731957,False,[-0.00079431  0.00157199 -0.00497125],0.0052740306894244705,0.07331849827294612,3.0562289507956217
258.off,258.off,./psb-labeled-db/Bird/258.off,Bird,17888,8946,1.405259,triangles,[1.396925 1.405259 1.258113],2.347126036981184,False,[0.15384035 0.02247501 0.03068228],0.15847201799086158,0.06163787701365124,3.0379914710058418
396.off,396.off,./psb-labeled-db/FourLeg/396.off,FourLeg,11072,5538,1.5662639999999999,triangles,[1.566264 1.448058 0.413226],2.1727426483907384,False,[6.41783624e-04 5.99657864e-04 7.01667120e-05],0.0008811351434043095,0.03936877724796646,2.785764749016905
382.off,382.off,./psb-labeled-db/FourLeg/382.off,FourLeg,16152,8078,1.546358,triangles,[0.708435 1.546358 1.278799],2.1280108307501635,False,[0.0012691  0.00038437 0.00263076],0.0029460558848797675,0.09794854542819917,2.518692334766081
383.off,383.off,./psb-labeled-db/FourLeg/383.off,FourLeg,26658,13331,1.800724,triangles,[0.591193 1.800724 0.922001],2.1076531810110506,False,[0.0001529  0.00396665 0.00059245],0.004013565142118055,0.11114891541306195,3.5885058855885474
397.off,397.off,./psb-labeled-db/FourLeg/397.off,FourLeg,14532,7268,1.583878,triangles,[0.461523 1.302118 1.583878],2.1017098477994054,False,[-0.00072625  0.00077514 -0.00098279],0.001447117052156941,0.06635889559245246,2.698757419130506
381.off,381.off,./psb-labeled-db/FourLeg/381.off,FourLeg,13872,6938,1.634129,triangles,[1.634129 1.062353 0.571059],2.0310292628938167,False,[0.02479007 0.00314596 0.00011896],0.02498917617984533,0.16741033900792984,2.8343543543168916
395.off,395.off,./psb-labeled-db/FourLeg/395.off,FourLeg,22620,11312,1.759896,triangles,[1.759896 1.222007 1.001994],2.3652752514033115,False,[-0.00065605  0.00027298  0.00388254],0.0039470339360491505,0.14322559353080022,2.6144222103676773
394.off,394.off,./psb-labeled-db/FourLeg/394.off,FourLeg,18014,9009,1.52489,triangles,[1.52489  0.445428 1.268405],2.032866660484401,False,[-0.02499537 -0.00460083 -0.00740521],0.026472117738077616,0.07036039314308866,2.3857973313655187
384.off,384.off,./psb-labeled-db/FourLeg/384.off,FourLeg,9420,4712,1.991668,triangles,[0.45846  1.991668 1.099401],2.320691610840398,False,[ 0.00056107 -0.00130371 -0.00262209],0.0029815744389387346,0.1295592101135616,3.006333884159738
390.off,390.off,./psb-labeled-db/FourLeg/390.off,FourLeg,18474,9239,1.6807560000000001,triangles,[0.491945 1.680756 1.071126],2.0528666596827474,False,[-0.00026733 -0.00023206 -0.00434874],0.004363126873102599,0.10871066913256489,1.5437187477841872
391.off,391.off,./psb-labeled-db/FourLeg/391.off,FourLeg,8626,4315,1.708787,triangles,[0.512799 0.984618 1.708787],2.0377410119281594,False,[-0.00659783  0.03500556 -0.16106352],0.16495568484435547,0.07165919328669557,3.0772730692318535
385.off,385.off,./psb-labeled-db/FourLeg/385.off,FourLeg,20868,10436,1.76214,triangles,[1.76214  1.325781 0.508312],2.2630098826352927,False,[ 0.00235923  0.00075009 -0.00062837],0.002554104182946152,0.11847481643053935,3.0800838569403406
393.off,393.off,./psb-labeled-db/FourLeg/393.off,FourLeg,19510,9757,1.433402,triangles,[0.438208 1.4026   1.433402],2.052791831839751,False,[ 6.50655204e-05  3.88599750e-02 -1.52362729e-01],0.15724027223221898,0.05174521708332084,2.526763004458336
387.off,387.off,./psb-labeled-db/FourLeg/387.off,FourLeg,29356,14680,1.596471,triangles,[1.596471 1.454089 0.676079],2.2627808749419374,False,[0.00214935 0.00328677 0.00056587],0.003967720460498332,0.10630024456580521,2.7321644988987766
386.off,386.off,./psb-labeled-db/FourLeg/386.off,FourLeg,4170,2087,1.626975,triangles,[1.626975 1.209946 1.137436],2.3248177622422364,True,[ 0.0442429   0.0589637  -0.00486407],0.07387700438771926,0.08723941177157261,3.3041091054030307
392.off,392.off,./psb-labeled-db/FourLeg/392.off,FourLeg,17232,8618,1.829604,triangles,[1.829604 1.030774 0.631337],2.1928365747271275,False,[ 0.00556308  0.00108388 -0.00022706],0.005672232280425883,0.10771122495937921,3.2632673263999243
388.off,388.off,./psb-labeled-db/FourLeg/388.off,FourLeg,16818,8411,1.864297,triangles,[1.864297 1.037803 0.656377],2.232368503887071,False,[5.92584648e-04 3.90093565e-04 3.94293068e-05],0.0007105520564323375,0.10762458610721809,3.7127782233598023
389.off,389.off,./psb-labeled-db/FourLeg/389.off,FourLeg,18976,9490,1.598385,triangles,[0.571071 1.598385 1.352296],2.1701753769873067,False,[-0.00015752  0.00699531 -0.01225923],0.014115516400841075,0.016691712299821145,3.0124989218636897
400.off,400.off,./psb-labeled-db/FourLeg/400.off,FourLeg,7402,3703,1.676742,triangles,[0.529954 1.025638 1.676742],2.035742686029843,False,[-0.00018036  0.00144806  0.00068465],0.0016118815152312198,0.2026494333424103,2.3607903124674645
399.off,399.off,./psb-labeled-db/FourLeg/399.off,FourLeg,7818,3911,1.570629,triangles,[0.638894 1.570629 1.387941],2.191219116920533,False,[ 0.00012839  0.00182313 -0.00091344],0.002043200325422017,0.10046924083270459,2.797704115330798
398.off,398.off,./psb-labeled-db/FourLeg/398.off,FourLeg,2956,1480,1.433097,triangles,[1.433097 0.895006 0.331834],1.721893305347634,True,[-1.50633915e-01  7.52389303e-03  5.83295556e-05],0.15082171176377987,0.2837914548118917,1.5396043686641843
157.off,157.off,./psb-labeled-db/Table/157.off,Table,27762,13883,1.947643,triangles,[1.936362 0.785578 1.947643],2.8565615422351747,False,[-0.00209792  0.01735692 -0.0075307 ],0.019036162144797333,0.27314450951510993,7.223223941866201
143.off,143.off,./psb-labeled-db/Table/143.off,Table,18536,9270,1.9816340000000001,triangles,[1.981634 0.310966 1.004669],2.2434199256209255,False,[-5.12866056e-04  2.12773901e-05 -1.59032349e-04],0.0005373784580710217,0.12173682983078704,3.562423893307809
142.off,142.off,./psb-labeled-db/Table/142.off,Table,19600,9802,1.9826160000000002,triangles,[1.982616 0.311594 1.005018],2.244530731492888,False,[-2.88960015e-04  9.84061948e-05 -1.01126999e-04],0.0003215716706328364,0.11210145364356344,3.7813445123510574
156.off,156.off,./psb-labeled-db/Table/156.off,Table,20196,10100,1.672265,triangles,[1.672265 0.671514 1.442901],2.3085416561591434,False,[-0.00027266  0.00565068  0.00102765],0.005749830830797263,0.26668376167944685,2.843290617731908
154.off,154.off,./psb-labeled-db/Table/154.off,Table,27854,13929,1.590725,triangles,[1.529775 1.590725 0.947753],2.401843734562888,False,[-0.00276337 -0.00164854  0.00561462],0.0064713068292897346,0.18171104548912267,4.926968916494419
155.off,155.off,./psb-labeled-db/Table/155.off,Table,28764,14384,1.913528,triangles,[1.913528 0.921137 1.425513],2.557766622020469,False,[0.00241967 0.0104725  0.0093324 ],0.014234532509941628,0.31452476506548727,5.76757629053057
141.off,141.off,./psb-labeled-db/Table/141.off,Table,27848,13926,1.68048,triangles,[1.68048  1.092146 0.858125],2.180177614631661,False,[-0.00069659 -0.01015056 -0.00899146],0.013578121888791258,0.30307310481672567,4.778573672790918
145.off,145.off,./psb-labeled-db/Table/145.off,Table,26408,13206,1.2720609999999999,triangles,[1.272061 0.975999 1.272035],2.0466524563166555,False,[0.00322763 0.04574538 0.00301887],0.04595836353910213,0.2997891345275042,3.2240971076329066
151.off,151.off,./psb-labeled-db/Table/151.off,Table,25388,12696,1.337934,triangles,[1.337318 0.597011 1.337934],1.9836604940364668,False,[-0.0009956   0.00071839 -0.00060831],0.0013701637277120896,0.19720989987891074,4.695736427448219
150.off,150.off,./psb-labeled-db/Table/150.off,Table,27154,13579,1.1331099999999998,triangles,[0.933865 1.13311  0.933696],1.7400661857357609,False,[0.00014661 0.0106789  0.00739999],0.01299308623625438,0.36304155656928583,2.0454345100628295
144.off,144.off,./psb-labeled-db/Table/144.off,Table,30160,15082,1.9827599999999999,triangles,[1.98276  0.448856 1.611144],2.5939533371038115,False,[-1.67128287e-04  1.45777235e-04  2.99407890e-05],0.00022378408620301606,0.1758352781156273,5.779454671659275
152.off,152.off,./psb-labeled-db/Table/152.off,Table,21082,10543,1.646401,triangles,[0.644756 0.709222 1.646401],1.905083304640771,False,[ 8.97003646e-05 -1.36318707e-04  3.39200891e-04],0.000376412260168785,0.2548287815990376,2.7887291029531784
146.off,146.off,./psb-labeled-db/Table/146.off,Table,27424,13714,1.435962,triangles,[1.43576  0.981374 1.435962],2.2553244934864694,False,[-0.00018224  0.00989721 -0.00014109],0.00989989163548068,0.264433665712216,5.030162087043662
147.off,147.off,./psb-labeled-db/Table/147.off,Table,27406,13705,1.6199270000000001,triangles,[1.619892 0.73254  1.619927],2.405167027171502,False,[ 8.95351935e-05  1.91039845e-02 -8.23686995e-03],0.02080423678518116,0.24497801344661524,5.198517296531489
153.off,153.off,./psb-labeled-db/Table/153.off,Table,27158,13581,1.605346,triangles,[1.182175 1.605346 0.567774],2.0729304921817806,False,[0.00074889 0.00800879 0.00993481],0.01278287658043679,0.20842853279061865,4.498302552176794
149.off,149.off,./psb-labeled-db/Table/149.off,Table,27172,13588,1.9667080000000001,triangles,[1.965859 0.597019 1.966708],2.844112102485765,False,[-0.00185783  0.00741091 -0.00389205],0.008574450128332438,0.21701932249341302,7.075222610231396
160.off,160.off,./psb-labeled-db/Table/160.off,Table,20160,10082,1.542726,triangles,[1.100105 1.542726 0.458112],1.9493848072263722,False,[-0.00337676 -0.00030246 -0.00033885],0.0034071704059073222,0.2954187535757505,2.541096462411554
148.off,148.off,./psb-labeled-db/Table/148.off,Table,26746,13375,1.968642,triangles,[1.968556 0.600627 1.968642],2.848072478436776,False,[ 0.00105333  0.02119054 -0.00132155],0.021257818955532262,0.18355645781407418,7.638994415712087
158.off,158.off,./psb-labeled-db/Table/158.off,Table,29170,14587,1.3696000000000002,triangles,[1.292189 0.962343 1.3696  ],2.1146301381967487,False,[ 0.00050102 -0.00237951 -0.00063313],0.0025127495293189245,0.31592184879096286,2.844287238184388
159.off,159.off,./psb-labeled-db/Table/159.off,Table,27856,13930,1.500451,triangles,[1.339821 1.500451 0.649798],2.113932580818509,False,[ 0.00026938 -0.00259298  0.01709672],0.017294334026207336,0.23398331634862343,4.801914114792562
80.off,80.off,./psb-labeled-db/Airplane/80.off,Airplane,14698,7351,1.922642,triangles,[1.548375 1.922642 0.53776 ],2.5265001916463414,False,[-0.00869944  0.00065279 -0.00239513],0.009046720046816531,0.21034261340786367,2.554367539388948
69.off,69.off,./psb-labeled-db/Airplane/69.off,Airplane,13398,6701,1.898705,triangles,[1.420377 1.898705 0.377684],2.4010824023781443,False,[-0.00477082 -0.000103   -0.00053364],0.004801675361437296,0.12062942465045583,2.249767049796561
68.off,68.off,./psb-labeled-db/Airplane/68.off,Airplane,11162,5583,1.775058,triangles,[1.405503 1.775058 0.39828 ],2.2988902855014635,False,[-0.01776024 -0.00090995 -0.00081154],0.017802046494661987,0.1772469138468989,1.7243807834725118
78.off,78.off,./psb-labeled-db/Airplane/78.off,Airplane,14936,7470,1.824525,triangles,[1.824525 1.808016 0.603638],2.638596628309261,False,[-0.01535183 -0.00032955 -0.00230674],0.015527659557079227,0.19985705668364578,2.406254078094888
79.off,79.off,./psb-labeled-db/Airplane/79.off,Airplane,13374,6689,1.952119,triangles,[1.576664 1.952119 0.568253],2.5728485052692083,False,[-0.01075762 -0.00092947 -0.00245478],0.011073225899207699,0.2114594451744826,2.4076118892137397
77.off,77.off,./psb-labeled-db/Airplane/77.off,Airplane,13170,6587,1.786654,triangles,[1.747579 0.451369 1.786654],2.5396651060952897,False,[ 7.82552693e-05 -2.49433025e-03 -1.67903634e-02],0.01697480808844481,0.15507025130727042,2.0536087597123576
63.off,63.off,./psb-labeled-db/Airplane/63.off,Airplane,11034,5519,1.994502,triangles,[1.994502 0.402129 1.698099],2.650148330649815,False,[-0.00059837 -0.00082197  0.01092748],0.01097467958331404,0.07701318172559811,2.161627456752094
62.off,62.off,./psb-labeled-db/Airplane/62.off,Airplane,11234,5619,1.929487,triangles,[1.612458 0.445411 1.929487],2.5536898487980095,False,[-0.00063297 -0.00185557  0.01817575],0.018281182684982314,0.07687222098716806,2.0696913016558556
76.off,76.off,./psb-labeled-db/Airplane/76.off,Airplane,11842,5923,1.833239,triangles,[1.833239 1.475664 0.454581],2.3968715771976608,False,[-0.01659735 -0.00048233 -0.00197491],0.01672138823634584,0.12999933090789353,1.9940273487641214
74.off,74.off,./psb-labeled-db/Airplane/74.off,Airplane,10084,5044,1.958148,triangles,[1.362696 1.958148 0.393675],2.417904874875147,False,[-0.01325768 -0.00068696 -0.00203232],0.013430132099423035,0.10580307343007578,1.8496855687569027
75.off,75.off,./psb-labeled-db/Airplane/75.off,Airplane,17354,8679,1.748742,triangles,[1.748742 1.673198 0.283657],2.4368322518008907,False,[-1.04925997e-02 -9.61239503e-05  1.22254824e-03],0.010564019734306313,0.1257224137703775,2.5953453266425175
61.off,61.off,./psb-labeled-db/Airplane/61.off,Airplane,10796,5400,1.964948,triangles,[1.076672 1.964948 0.331236],2.2649416164625524,False,[-9.31788695e-03  9.72929134e-05 -3.09783497e-03],0.009819830171346609,0.07910584771052014,1.9153677121635073
65.off,65.off,./psb-labeled-db/Airplane/65.off,Airplane,12892,6448,1.7242220000000001,triangles,[1.694166 1.724222 0.362287],2.4442569036844306,False,[-0.02009421 -0.00016998 -0.0032936 ],0.02036305720534483,0.15605527966477134,1.8603382188253152
71.off,71.off,./psb-labeled-db/Airplane/71.off,Airplane,11694,5849,1.978393,triangles,[1.610512 1.978393 0.436425],2.5880986351408635,False,[-0.01073333 -0.00048051 -0.00192307],0.010914826351673318,0.10038279564497096,2.1776185239512618
70.off,70.off,./psb-labeled-db/Airplane/70.off,Airplane,11258,5631,1.984439,triangles,[1.187878 1.984439 0.422019],2.35098964777942,False,[-0.00256555 -0.00017121 -0.00150135],0.0029774862843701005,0.051231584852510635,2.030242522190246
64.off,64.off,./psb-labeled-db/Airplane/64.off,Airplane,13590,6797,1.839621,triangles,[1.539916 1.839621 0.490835],2.4487682021624666,False,[-0.00048498  0.01726433 -0.00249296],0.017450134170742895,0.12777882833826582,2.2796276119402816
72.off,72.off,./psb-labeled-db/Airplane/72.off,Airplane,10452,5228,1.9789400000000001,triangles,[1.448103 1.97894  0.378147],2.4811692759297985,False,[-0.00951401 -0.00042708 -0.00142094],0.009629015282072188,0.12288929253397142,1.9216552662432287
66.off,66.off,./psb-labeled-db/Airplane/66.off,Airplane,15474,7739,1.683005,triangles,[1.683005 1.476191 0.32289 ],2.2618363447884553,False,[-0.01071515 -0.0002168  -0.00118496],0.010782650533823697,0.16577023828631002,2.1280288295259675
67.off,67.off,./psb-labeled-db/Airplane/67.off,Airplane,15298,7651,1.76762,triangles,[1.76762  1.624479 0.470756],2.446430807804913,False,[-0.01509588 -0.00014238 -0.00063692],0.015109984182342879,0.1707012297092496,2.4774370962741576
73.off,73.off,./psb-labeled-db/Airplane/73.off,Airplane,10214,5109,1.957232,triangles,[1.579171 1.957232 0.395298],2.545741278659126,False,[-0.02037067 -0.00095154 -0.00225245],0.02051690212866089,0.12885228864575907,1.8486577777104443
134.off,134.off,./psb-labeled-db/Octopus/134.off,Octopus,21860,10932,1.6771129999999999,triangles,[1.310144 1.677113 1.06193 ],2.3784197780049254,False,[-0.00133796 -0.00042777 -0.00743389],0.007565438943644499,0.04545215145897936,3.1112265940432904
121.off,121.off,./psb-labeled-db/Octopus/121.off,Octopus,11888,5944,1.97836,triangles,[1.97836  1.463556 0.568014],2.5255780247167183,False,[-0.00237231  0.00032212 -0.01483013],0.015022131764833375,0.1334972504398499,2.268615022032643
135.off,135.off,./psb-labeled-db/Octopus/135.off,Octopus,30398,15201,1.452442,triangles,[1.142452 1.452442 1.202721],2.2048406154434383,False,[ 0.00406567  0.00303931 -0.0155422 ],0.01635013528445031,0.047999442541033735,3.4880058356804264
123.off,123.off,./psb-labeled-db/Octopus/123.off,Octopus,30982,15493,1.398538,triangles,[1.398538 1.092077 1.260949],2.1768171930536564,False,[0.00116567 0.0029224  0.01698276],0.017271750641875132,0.08269345814210456,3.180769981473712
137.off,137.off,./psb-labeled-db/Octopus/137.off,Octopus,18244,9124,1.324481,triangles,[1.129116 1.324481 0.99816 ],2.0063589525349146,False,[ 0.00274387 -0.00668072  0.02048044],0.0217165641934312,0.0955710721256699,1.6513543242773758
136.off,136.off,./psb-labeled-db/Octopus/136.off,Octopus,28248,14126,1.4047070000000001,triangles,[1.404707 1.351493 0.956705],2.171409574889777,False,[ 0.00013044 -0.00157886 -0.01160786],0.01171546686537089,0.03503486290468396,3.055725233735756
122.off,122.off,./psb-labeled-db/Octopus/122.off,Octopus,14498,7251,1.842136,triangles,[1.842136 1.515017 0.666084],2.4763702162320156,False,[ 0.00010055  0.0001259  -0.01135804],0.011359185739712127,0.09964950206222807,2.425805142891053
126.off,126.off,./psb-labeled-db/Octopus/126.off,Octopus,12646,6325,1.7153100000000001,triangles,[0.914941 1.71531  1.673111],2.564898798764193,False,[ 0.00032626 -0.00308209 -0.00339296],0.004595424015637057,0.11248007450877685,1.698588434244241
132.off,132.off,./psb-labeled-db/Octopus/132.off,Octopus,15620,7812,1.922768,triangles,[0.513533 0.576561 1.922768],2.071997951406806,False,[ 0.00143901  0.00119048 -0.11622195],0.11623695152540925,0.014195896607823,2.577691534115128
133.off,133.off,./psb-labeled-db/Octopus/133.off,Octopus,20932,10466,1.627496,triangles,[0.966192 1.627496 1.280903],2.285384586079332,False,[ 0.0060782  -0.00376354 -0.03251227],0.0332889883552879,0.19250200532007453,2.747451450314934
127.off,127.off,./psb-labeled-db/Octopus/127.off,Octopus,23808,11906,1.611088,triangles,[1.525305 1.611088 1.014192],2.439414950276603,False,[ 0.00340859  0.00224587 -0.00379355],0.005572562827846686,0.031125741842564957,3.331254055083507
131.off,131.off,./psb-labeled-db/Octopus/131.off,Octopus,22098,11051,1.482176,triangles,[1.084334 1.459851 1.482176],2.3460159549186788,False,[0.00033268 0.00104033 0.00108501],0.0015395457658826596,0.10009101418833759,2.9492102836513823
125.off,125.off,./psb-labeled-db/Octopus/125.off,Octopus,2682,1343,1.056538,triangles,[0.977474 0.857108 1.056538],1.6752200123518104,True,[0.04274917 0.16442366 0.01598605],0.17064050944794604,0.19300023946099135,0.987151619480219
124.off,124.off,./psb-labeled-db/Octopus/124.off,Octopus,6198,3101,1.778787,triangles,[1.445664 1.778787 0.726113],2.404426684478859,True,[ 0.00044259 -0.00670052 -0.03907295],0.03964578796368788,0.11736453531838315,0.6674129954333408
130.off,130.off,./psb-labeled-db/Octopus/130.off,Octopus,15490,7747,1.6508850000000002,triangles,[1.458024 1.650885 0.844575],2.3589324276939347,False,[-0.00809116  0.00104107 -0.00994126],0.012859987940699211,0.11114099730297547,2.1343605616574717
140.off,140.off,./psb-labeled-db/Octopus/140.off,Octopus,18396,9200,1.598585,triangles,[1.59324  1.598585 0.849412],2.411511651551574,False,[-2.07965121e-03  5.45811051e-05 -9.78363016e-03],0.010002367090433856,0.12624692248229263,2.4348514060743653
129.off,129.off,./psb-labeled-db/Octopus/129.off,Octopus,12284,6144,1.848357,triangles,[1.848357 1.5652   0.771255],2.541871144348981,False,[ 0.00341449 -0.00612576 -0.00191439],0.007269704259082141,0.10867198995831447,2.0494742617035877
128.off,128.off,./psb-labeled-db/Octopus/128.off,Octopus,12324,6164,1.675458,triangles,[1.345457 0.62082  1.675458],2.2367010352331396,False,[-0.0014589  -0.00591786 -0.00564517],0.00830767456385252,0.06249286169835716,1.6434715592505
138.off,138.off,./psb-labeled-db/Octopus/138.off,Octopus,19184,9594,1.599515,triangles,[1.599515 1.036464 1.112961],2.207122118515874,False,[-0.0018758   0.00749911  0.01281806],0.014968567825171716,0.17125751889625165,2.5181248571037687
139.off,139.off,./psb-labeled-db/Octopus/139.off,Octopus,16030,8017,1.481083,triangles,[1.481083 1.478753 0.537595],2.160862251954761,False,[-0.00531213  0.00302482  0.00661932],0.00901019319853394,0.03537132879536758,1.755091296155597
309.off,309.off,./psb-labeled-db/Bust/309.off,Bust,10390,5197,1.411164,triangles,[1.135385 1.150157 1.411164],2.145540504807588,False,[-0.00062846 -0.03753354 -0.08932895],0.09689594331121937,0.17050771609079748,5.382422923996641
320.off,320.off,./psb-labeled-db/Bust/320.off,Bust,54232,27118,1.7490269999999999,triangles,[1.749027 1.730249 1.31784 ],2.7909782002606183,False,[ 0.00232035 -0.00970972 -0.00917025],0.0135556643019526,0.0988140273620097,7.328716401767143
308.off,308.off,./psb-labeled-db/Bust/308.off,Bust,47948,23976,1.841334,triangles,[1.724508 1.841334 1.524292],2.9475252064883177,False,[ 0.00448568 -0.00951624  0.0092601 ],0.014015336531667647,0.09471830412861078,8.530232139306877
318.off,318.off,./psb-labeled-db/Bust/318.off,Bust,50286,25145,1.4768439999999998,triangles,[1.040468 1.43204  1.476844],2.305293998812299,False,[ 0.00936577 -0.00344381  0.00271062],0.010340454007076243,0.0383280552467771,4.5475924900381495
319.off,319.off,./psb-labeled-db/Bust/319.off,Bust,53112,26558,1.942037,triangles,[1.942037 1.0805   1.196734],2.524115731523616,False,[ 0.00522513  0.0014777  -0.00046617],0.005450030534675193,0.042842075582889314,6.234701867912527
317.off,317.off,./psb-labeled-db/Bust/317.off,Bust,55448,27726,1.799766,triangles,[1.061247 1.799766 1.349063],2.4870411793402214,False,[-3.87281603e-05  3.66722591e-03 -4.29527159e-04],0.003692497709104251,0.1013180935840188,5.638353574531565
303.off,303.off,./psb-labeled-db/Bust/303.off,Bust,31028,15516,1.346277,triangles,[1.16609  1.346277 0.971348],2.0287297961860276,False,[-0.02108149 -0.19184892 -0.05711338],0.20127686066247208,0.16752537681273844,3.84380353515993
302.off,302.off,./psb-labeled-db/Bust/302.off,Bust,50246,25125,1.744681,triangles,[1.402525 1.744681 1.005202],2.4538580293468484,False,[-0.00107991  0.03534136 -0.01370004],0.037919242885378,0.10756422661135996,5.938424134954705
316.off,316.off,./psb-labeled-db/Bust/316.off,Bust,46786,23395,1.618821,triangles,[1.168953 1.618821 1.40262 ],2.4401588904516034,False,[ 0.00177426 -0.00646038 -0.00085956],0.006754507333325194,0.12814894337254598,5.799751693896018
314.off,314.off,./psb-labeled-db/Bust/314.off,Bust,52870,26437,1.571086,triangles,[1.467505 1.571086 0.810265],2.2974793828554807,False,[ 0.00030412  0.00968695 -0.00029414],0.009696182058276317,0.20714527895537466,4.646911951415716
315.off,315.off,./psb-labeled-db/Bust/315.off,Bust,51532,25768,1.583711,triangles,[1.145446 1.583711 1.37579 ],2.3901851799676526,False,[-0.0214896  -0.00476944 -0.05540118],0.059614103331413676,0.08522205804397125,5.384101783106038
301.off,301.off,./psb-labeled-db/Bust/301.off,Bust,18500,9252,1.885077,triangles,[0.973899 1.885077 0.838702],2.2815379906839155,False,[ 0.00094746  0.00525413 -0.00026995],0.005345691111967692,0.01785549085015584,4.853562973320271
305.off,305.off,./psb-labeled-db/Bust/305.off,Bust,55644,27824,1.714398,triangles,[1.609574 1.714398 1.233381],2.655394067749832,False,[-0.00290062 -0.02083111 -0.00310865],0.0212605812923864,0.0741633448965862,7.408598646906644
311.off,311.off,./psb-labeled-db/Bust/311.off,Bust,50456,25230,1.774347,triangles,[1.080055 1.774347 1.303479],2.452322079759304,False,[ 5.73523838e-04 -1.22747397e-04  4.51175736e-07],0.0005865123353128885,0.10778484539465649,6.1566687644668825
310.off,310.off,./psb-labeled-db/Bust/310.off,Bust,16522,8263,1.846517,triangles,[1.842162 1.846517 1.284366],2.9073668305683413,False,[ 0.00597867  0.04312322 -0.00357082],0.04368189344060294,0.07876414285860034,8.093446232131564
304.off,304.off,./psb-labeled-db/Bust/304.off,Bust,50930,25467,1.9331960000000001,triangles,[1.933196 1.038809 0.769795],2.32571607358293,False,[ 7.13436435e-03 -2.84977069e-04 -2.66168589e-05],0.007140103296759701,0.020103218809434473,4.453504381554553
312.off,312.off,./psb-labeled-db/Bust/312.off,Bust,53966,26985,1.65263,triangles,[1.65263  1.494401 1.125731],2.4963354241892257,False,[-0.00555656  0.00459318 -0.00055206],0.007230313510631317,0.11610443242830999,5.794277146614611
306.off,306.off,./psb-labeled-db/Bust/306.off,Bust,53592,26798,1.680792,triangles,[1.246192 1.680792 1.012644],2.3245438517833987,False,[ 0.00455185 -0.00465115 -0.00040108],0.006520231122109229,0.17150168883716568,4.672392475769852
307.off,307.off,./psb-labeled-db/Bust/307.off,Bust,54874,27439,1.81386,triangles,[1.81386  1.663729 1.704689],2.9940018155909662,False,[-0.00346973 -0.00687176 -0.00830418],0.011323406088616322,0.024210406698360082,7.65351823536566
313.off,313.off,./psb-labeled-db/Bust/313.off,Bust,21700,10852,1.67497,triangles,[1.334246 1.67497  1.345318],2.5289557945009635,False,[ 0.00658253 -0.05826315  0.00603187],0.058943264267783804,0.08431192137533101,6.323545591530482
355.off,355.off,./psb-labeled-db/Bearing/355.off,Bearing,29984,14994,1.989061,triangles,[0.248632 1.989061 0.248632],2.0199008402812746,False,[-0.00014675  0.00045964  0.00123459],0.00132552880025246,0.0013018376434870756,1.6211799800590678
341.off,341.off,./psb-labeled-db/Bearing/341.off,Bearing,3322,1663,1.540763,triangles,[0.463537 0.462755 1.540763],1.6742040982398174,True,[-0.00011666 -0.00011662 -0.07568499],0.07568516613521345,0.22799855952779619,1.79262011106965
354.off,354.off,./psb-labeled-db/Bearing/354.off,Bearing,5816,2910,1.218254,triangles,[0.345588 1.218254 0.345019],1.3124831368901468,True,[-0.00091281  0.25434341 -0.00067839],0.25434595335719495,0.3863280103231579,0.9133524098614998
342.off,342.off,./psb-labeled-db/Bearing/342.off,Bearing,3322,1663,1.9085260000000002,triangles,[0.57418  0.573209 1.908526],2.0738183919420234,True,[ 0.00170714 -0.0003824   0.20126534],0.2012729475887764,0.01271689314455382,2.7505077749195133
356.off,356.off,./psb-labeled-db/Bearing/356.off,Bearing,29980,14992,1.989191,triangles,[0.248649 1.989191 0.248649],2.0200330405424065,False,[-0.00018063  0.00032637  0.0012174 ],0.0012732656071392052,0.0012714003106811106,1.6212510322728735
357.off,357.off,./psb-labeled-db/Bearing/357.off,Bearing,29764,14872,1.9696660000000001,triangles,[1.969666 0.130235 0.268268],1.9921127042928573,False,[-3.76778237e-03  7.16717623e-06  9.88383450e-04],0.003895271137752389,0.004053263654143403,1.8076455357235308
343.off,343.off,./psb-labeled-db/Bearing/343.off,Bearing,3322,1663,1.838474,triangles,[0.553104 0.552169 1.838474],1.9976989983611144,True,[-0.00014687 -0.00031321 -0.10329922],0.10329979935741183,0.07844576417022144,2.55229975808454
347.off,347.off,./psb-labeled-db/Bearing/347.off,Bearing,5242,2623,1.822957,triangles,[0.679939 0.684126 1.822957],2.062405792138395,True,[-0.00126039  0.00350226  0.03870139],0.03887996728178512,0.029355514005038306,4.270411268684882
353.off,353.off,./psb-labeled-db/Bearing/353.off,Bearing,3020,1512,1.825364,triangles,[1.825364 0.382381 0.382381],1.9037815501832136,True,[-0.00347896  0.00045731  0.0004583 ],0.003538694825583494,0.0858614430900157,1.402993170845753
352.off,352.off,./psb-labeled-db/Bearing/352.off,Bearing,20796,10400,1.6297169999999999,triangles,[0.465607 0.462882 1.629717],1.756993774736268,False,[-1.20382696e-04 -4.77147865e-05 -1.53301120e-03],0.0015384706839897174,0.17833198250594315,2.0759697198864746
346.off,346.off,./psb-labeled-db/Bearing/346.off,Bearing,7170,3587,1.220065,triangles,[0.533321 1.220065 0.531794],1.433804293375494,False,[-0.00233124  0.28449467 -0.0003143 ],0.28450439929226934,0.20784970661153218,1.9560098797646743
350.off,350.off,./psb-labeled-db/Bearing/350.off,Bearing,17514,8759,1.854734,triangles,[0.28505  0.28505  1.854734],1.8980372008356423,False,[0.00061425 0.00107289 0.00748294],0.007584374308495758,0.07041685517686802,1.6251761616359595
344.off,344.off,./psb-labeled-db/Bearing/344.off,Bearing,6360,3182,1.224844,triangles,[0.526435 1.224844 0.52214 ],1.4317844855846846,True,[-5.09507387e-05 -2.79274978e-01 -6.06980063e-04],0.2792756424257736,0.21255169488444453,1.962305237448754
345.off,345.off,./psb-labeled-db/Bearing/345.off,Bearing,7224,3614,1.2208299999999999,triangles,[0.533141 1.22083  0.527773],1.4329024929526781,False,[-0.00138884 -0.28119351 -0.00047777],0.2811973446999881,0.20859784163672448,1.959582709992444
351.off,351.off,./psb-labeled-db/Bearing/351.off,Bearing,10380,5192,1.841771,triangles,[0.522636 0.524644 1.841771],1.9850743390797736,False,[-0.00026473  0.00114362  0.12924257],0.12924789865058267,0.0702935861956836,2.6282443280117453
348.off,348.off,./psb-labeled-db/Bearing/348.off,Bearing,5132,2568,1.007909,triangles,[0.155031 1.007909 0.155031],1.031479410460044,True,[-2.15508727e-04 -3.31753947e-02  7.93677615e-01],0.7943707008222783,0.7936775582418532,0.4842427565821174
360.off,360.off,./psb-labeled-db/Bearing/360.off,Bearing,4396,2200,0.191554,triangles,[0.037976 0.037729 0.191554],0.19889341098437627,True,[-1.02506724e-03  5.90335523e-05  9.03793992e-01],0.9037945750519204,0.9041095757424816,0.024015352015610447
349.off,349.off,./psb-labeled-db/Bearing/349.off,Bearing,5132,2568,1.754619,triangles,[0.269886 1.754619 0.269886],1.7956516202072716,True,[-0.01094258 -0.06190855 -0.01094264],0.06381340330396958,0.12028916538179986,1.4675241842775653
359.off,359.off,./psb-labeled-db/Bearing/359.off,Bearing,29924,14956,1.2493210000000001,triangles,[0.952222 1.249321 0.952223],1.8369154417267008,False,[-0.00036718 -0.00843932  0.00123492],0.008537096569776647,0.3744357726720299,2.4758222061636457
358.off,358.off,./psb-labeled-db/Bearing/358.off,Bearing,28266,14127,1.245393,triangles,[0.949238 1.245393 0.949238],1.8311497169092974,False,[0.00020114 0.00526291 0.00064316],0.005305874862669283,0.3764301000401668,2.460135452907064
336.off,336.off,./psb-labeled-db/Mech/336.off,Mech,31006,15505,1.465377,triangles,[0.837668 1.465377 0.837605],1.8843034698206125,False,[0.0011112  0.00189249 0.00063784],0.002285415770591912,0.2590930808039844,4.328248904180596
322.off,322.off,./psb-labeled-db/Mech/322.off,Mech,29978,14991,1.455774,triangles,[1.078339 1.455774 1.078339],2.108295030805224,False,[-0.0001757  -0.02100205  0.00063182],0.021012287961055,0.08126561779436613,7.723416239117224
323.off,323.off,./psb-labeled-db/Mech/323.off,Mech,29978,14991,1.454591,triangles,[1.077463 1.454591 1.077463],2.106582068189844,False,[ 0.0015434  -0.02134948  0.00182756],0.02148307138687079,0.08241526704895152,7.6831570515994745
337.off,337.off,./psb-labeled-db/Mech/337.off,Mech,23062,11533,1.765548,triangles,[1.765548 1.742503 1.078685],2.705002361281409,False,[0.00656738 0.0169973  0.00474497],0.018829587325600423,0.057315529060630685,8.928292340460395
321.off,321.off,./psb-labeled-db/Mech/321.off,Mech,29986,14995,1.455106,triangles,[1.077845 1.455106 1.077845],2.107328441246404,False,[-0.00213693 -0.0172998   0.0035052 ],0.01778021835077788,0.08365453055573255,7.740219170327944
335.off,335.off,./psb-labeled-db/Mech/335.off,Mech,29986,14995,1.455595,triangles,[1.078207 1.455595 1.078207],2.1080364023714107,False,[-0.00213813 -0.01731126  0.00287851],0.017678720467661186,0.08365883678817197,7.745419897642488
334.off,334.off,./psb-labeled-db/Mech/334.off,Mech,29990,14997,1.31764,triangles,[1.31764  0.922348 1.31764 ],2.079200849438072,False,[ 0.00068956 -0.00085406 -0.00187951],0.002176574526411091,0.036861490881406306,7.597412209356433
324.off,324.off,./psb-labeled-db/Mech/324.off,Mech,29620,14812,1.353752,triangles,[1.353752 1.353552 1.353552],2.344536310427288,False,[-0.005331   -0.04098293 -0.02132511],0.04650570154086879,0.04147969798588218,8.227800926164166
330.off,330.off,./psb-labeled-db/Mech/330.off,Mech,29996,15000,1.4641570000000002,triangles,[1.084549 1.464157 1.084549],2.120435989944285,False,[ 9.92294254e-06 -9.44154704e-03  2.39429165e-03],0.009740407667169739,0.09233945261235853,7.827753691331683
331.off,331.off,./psb-labeled-db/Mech/331.off,Mech,29996,15000,1.56863,triangles,[1.045732 1.56863  1.045732],2.1558550295759686,False,[-0.00471296 -0.00484858 -0.00797535],0.010455952631364427,0.13882951854342795,8.03023531219949
325.off,325.off,./psb-labeled-db/Mech/325.off,Mech,29994,14999,1.6046870000000002,triangles,[1.062463 1.604687 1.451343],2.4104448755337677,False,[-0.00112291 -0.01219146 -0.00401275],0.012883895869266464,0.07082030505970728,7.835606084872996
333.off,333.off,./psb-labeled-db/Mech/333.off,Mech,29880,14942,1.5503010000000002,triangles,[1.033513 1.550301 1.033513],2.130664551950635,False,[-0.0294853  -0.01240628  0.00070049],0.031996708881263665,0.13498163331635163,7.880410835498298
327.off,327.off,./psb-labeled-db/Mech/327.off,Mech,29870,14937,1.4400439999999999,triangles,[1.290336 1.440044 1.203905],2.2777359293511177,False,[ 0.00015894 -0.02295252 -0.01765251],0.02895607647181903,0.05734379139235567,6.987353711646262
326.off,326.off,./psb-labeled-db/Mech/326.off,Mech,29986,14995,1.5361729999999998,triangles,[1.536173 1.339543 1.15213 ],2.341283082345661,False,[-0.00308998  0.02056535  0.01747012],0.027160384872231453,0.0471404908597694,8.123215645730896
332.off,332.off,./psb-labeled-db/Mech/332.off,Mech,29990,14997,1.570975,triangles,[1.047296 1.570975 1.047295],2.1590780854952882,False,[-0.0129832  -0.02017245 -0.00055457],0.02399580141764207,0.12154380823184696,7.476385630798508
340.off,340.off,./psb-labeled-db/Mech/340.off,Mech,29990,14997,1.317145,triangles,[1.317145 0.922001 1.317145],2.0784195308096485,False,[ 0.00068906 -0.00085628 -0.00244603],0.0026816197204987827,0.03687826672648811,7.591705206706963
328.off,328.off,./psb-labeled-db/Mech/328.off,Mech,29984,14994,1.473127,triangles,[1.091193 1.473127 1.091193],2.1334262313534538,False,[ 0.00090017 -0.00365698  0.0013288 ],0.003993684985231614,0.10235099286645928,7.853879401461908
329.off,329.off,./psb-labeled-db/Mech/329.off,Mech,29994,14999,1.4650599999999998,triangles,[1.085217 1.46506  1.085218],2.1217433511650268,False,[ 0.00298994 -0.0058169   0.00403738],0.007686127226883275,0.09680180028413728,7.82657447524854
339.off,339.off,./psb-labeled-db/Mech/339.off,Mech,29996,15000,1.568358,triangles,[1.04555  1.568358 1.04555 ],2.1554805545780273,False,[-0.00471118 -0.004857   -0.00864943],0.010981727109029676,0.13883668959608625,8.027443451084906
338.off,338.off,./psb-labeled-db/Mech/338.off,Mech,38802,19403,1.495345,triangles,[1.132921 1.495345 1.196424],2.225083604955553,False,[-0.00196795 -0.01232465 -0.00294656],0.012823885537557788,0.15703650047202403,7.437458647445777
20.off,20.off,./psb-labeled-db/Human/20.off,Human,31396,15700,1.911769,triangles,[0.849445 1.911769 0.700346],2.206105626914088,False,[-0.00197042  0.01514394  0.00509638],0.016099522658561658,0.040579557642980775,2.1166317930101055
18.off,18.off,./psb-labeled-db/Human/18.off,Human,30766,15385,1.704983,triangles,[0.995375 1.704983 1.012805],2.2188989136368966,False,[0.02534986 0.01788007 0.02813601],0.041880157351393,0.10904301307626273,3.1938865516012678
19.off,19.off,./psb-labeled-db/Human/19.off,Human,30950,15477,1.9539819999999999,triangles,[0.884464 1.953982 0.766403],2.2776513741196216,False,[ 0.00055992  0.02633504 -0.00196405],0.026414109862997037,0.05887496200635716,2.1696966596949254
4.off,4.off,./psb-labeled-db/Human/4.off,Human,11348,5676,1.453764,triangles,[0.60832  1.453764 0.709249],1.7281542564531096,False,[ 0.01904633 -0.17526424  0.02615514],0.17822572288639535,0.22684674113429534,1.2868957408971482
5.off,5.off,./psb-labeled-db/Human/5.off,Human,30308,15154,1.931447,triangles,[0.989225 1.931447 0.77465 ],2.30415629611665,False,[-0.00302433  0.04672532  0.00028731],0.04682397744333899,0.07319860521553673,2.5970195978256525
7.off,7.off,./psb-labeled-db/Human/7.off,Human,16878,8441,1.860828,triangles,[0.338361 0.573949 1.860828],1.9765086558135787,False,[ 5.49657109e-04 -4.76212545e-05 -4.48718808e-03],0.004520978606431541,0.05875431744561417,2.089975195444451
6.off,6.off,./psb-labeled-db/Human/6.off,Human,20192,10098,1.7484060000000001,triangles,[0.501213 1.748406 0.393529],1.8609145832213794,False,[ 0.00100333 -0.04092367 -0.01555765],0.04379262379108874,0.1182589905947958,2.003357517886409
2.off,2.off,./psb-labeled-db/Human/2.off,Human,20096,10050,1.876233,triangles,[0.338844 1.876233 1.038578],2.171107963393115,False,[-2.13316412e-04 -9.64644960e-06 -8.13513730e-04],0.0008410716582303678,0.04438072476030558,2.187329411971872
3.off,3.off,./psb-labeled-db/Human/3.off,Human,11278,5641,1.4940419999999999,triangles,[0.549522 1.494042 0.694626],1.7368480665055304,False,[-0.0018004  -0.16862572 -0.01776658],0.16956865171008906,0.20671072816136082,1.3334324401186148
1.off,1.off,./psb-labeled-db/Human/1.off,Human,9408,4706,1.7960859999999998,triangles,[0.727641 0.293773 1.796086],1.960022683492719,False,[ 0.00036225 -0.01365013 -0.05377692],0.05548345999375464,0.08209777924828418,1.768765915201586
8.off,8.off,./psb-labeled-db/Human/8.off,Human,22026,11015,1.830117,triangles,[0.67111  0.760976 1.830117],2.0925585627085805,False,[ 0.00048564 -0.00014917 -0.00040774],0.0006514213772053989,0.07509056612684448,1.6422313307633367
9.off,9.off,./psb-labeled-db/Human/9.off,Human,5274,2639,1.825124,triangles,[0.654836 0.720004 1.825124],2.0684036265410093,True,[ 0.00012047 -0.00073619 -0.00360841],0.0036847134811737584,0.0784128088643686,1.5874534351410947
14.off,14.off,./psb-labeled-db/Human/14.off,Human,11378,5691,1.195887,triangles,[1.088926 1.195887 0.976434],1.8892667642768184,False,[-0.07187409 -0.13187117 -0.0707562 ],0.16601906751072829,0.32077965296640937,1.1237057964796495
15.off,15.off,./psb-labeled-db/Human/15.off,Human,11258,5631,1.450831,triangles,[0.585696 1.450831 0.777883],1.747298588297375,False,[-0.01867709 -0.16039043  0.01713403],0.1623807175669175,0.17402309656048534,1.851000775239398
17.off,17.off,./psb-labeled-db/Human/17.off,Human,31816,15910,1.666219,triangles,[0.984356 1.666219 0.913865],2.140184975398622,False,[ 0.00629467 -0.03047354  0.00118339],0.031139359922045452,0.06730202410403417,2.0639108546286313
16.off,16.off,./psb-labeled-db/Human/16.off,Human,30450,15223,1.7376559999999999,triangles,[0.838287 1.737656 0.853634],2.1097072011682094,False,[0.00798893 0.00199383 0.00891713],0.012137278867716622,0.12999327375772182,2.3634647003351854
12.off,12.off,./psb-labeled-db/Human/12.off,Human,11224,5614,1.814332,triangles,[1.706255 0.393476 1.814332],2.5214936235939605,False,[ 6.30370233e-04 -6.52509398e-05  8.35466129e-04],0.001048631473634236,0.057615556469151626,2.1888926510365083
13.off,13.off,./psb-labeled-db/Human/13.off,Human,27402,13703,1.958791,triangles,[0.842802 1.958791 0.715712],2.2493156870099402,False,[ 0.00264972  0.0559368  -0.00357047],0.05611323432598151,0.12002152048382822,2.770697179635403
11.off,11.off,./psb-labeled-db/Human/11.off,Human,21994,10999,1.797155,triangles,[1.731591 0.39471  1.797155],2.5266518298740728,False,[-0.00097458 -0.00062972  0.00625958],0.006366213313732036,0.05728214786039366,2.2534857032752167
10.off,10.off,./psb-labeled-db/Human/10.off,Human,19012,9508,1.894933,triangles,[0.351569 1.894933 1.046388],2.1930115555541425,False,[ 0.00242652  0.00347256 -0.00171   ],0.004568457186052267,0.03972936941986368,1.9480679342699676
240.off,240.off,./psb-labeled-db/Fish/240.off,Fish,13662,6833,1.745735,triangles,[1.745735 0.779804 0.665031],2.0243396947157857,False,[-0.02460708  0.00276525 -0.00699848],0.02573195848238064,0.13407125202853892,2.2338432436816564
221.off,221.off,./psb-labeled-db/Fish/221.off,Fish,14238,7121,1.7827709999999999,triangles,[1.782771 0.597613 1.063937],2.160410997051024,False,[-0.00667498 -0.00022905  0.00902936],0.011231080345381606,0.06302334341139007,2.4516260254415876
235.off,235.off,./psb-labeled-db/Fish/235.off,Fish,10496,5250,1.817159,triangles,[1.817159 0.568072 0.706092],2.0306005370158355,False,[-0.01718209  0.00157267 -0.00563549],0.018150933388770857,0.12395058883381718,1.8455556326907048
234.off,234.off,./psb-labeled-db/Fish/234.off,Fish,14992,7498,1.807608,triangles,[1.807608 0.918721 0.802687],2.180779992909418,False,[-0.02187729  0.00178095 -0.00375962],0.022269318384251766,0.09128384214361271,2.628779284362634
236.off,236.off,./psb-labeled-db/Fish/236.off,Fish,9686,4845,1.780746,triangles,[1.780746 0.54022  0.71135 ],1.9922130376583724,False,[-0.01482573  0.00236798 -0.00597069],0.01615731582317682,0.09828744362328284,1.6438083706869888
222.off,222.off,./psb-labeled-db/Fish/222.off,Fish,10506,5255,1.8113830000000002,triangles,[1.811383 0.536234 0.6831  ],2.008800857587681,False,[-0.0151337  -0.00063613  0.00491262],0.015923799781266405,0.10377352089165134,1.8406226002138493
223.off,223.off,./psb-labeled-db/Fish/223.off,Fish,13308,6656,1.770317,triangles,[1.770317 0.78854  0.827559],2.107290086952909,False,[-0.01753946  0.00038975 -0.00631764],0.018646635503610863,0.09620912736585857,2.206151166057949
237.off,237.off,./psb-labeled-db/Fish/237.off,Fish,8874,4439,1.80147,triangles,[1.80147  0.476638 0.55733 ],1.9450179106743464,False,[-0.02170885  0.0016994  -0.0060277 ],0.022594139556850235,0.08025973638132636,1.4890464523071547
233.off,233.off,./psb-labeled-db/Fish/233.off,Fish,20368,10186,1.659631,triangles,[1.659631 0.972173 1.020777],2.1774942208462917,False,[-0.01397889  0.00299832 -0.01036754],0.01766027813169077,0.14844200229298307,3.047128067181034
227.off,227.off,./psb-labeled-db/Fish/227.off,Fish,10428,5216,1.844118,triangles,[1.844118 0.558622 0.616894],2.0232122834848547,False,[-0.00853127 -0.00056118  0.00020999],0.00855228641434144,0.07205848761943313,1.9114275937847514
226.off,226.off,./psb-labeled-db/Fish/226.off,Fish,10428,5216,1.844118,triangles,[1.844118 0.558622 0.616894],2.0232122834848547,False,[-0.00853127 -0.00056118  0.00020999],0.00855228641434144,0.07205848761943313,1.9114275937847514
232.off,232.off,./psb-labeled-db/Fish/232.off,Fish,10876,5440,1.807382,triangles,[1.807382 0.58086  0.546564],1.9755404930347542,False,[-0.02822241  0.00306876 -0.00777061],0.029433044492392414,0.0684825544938271,1.8773963018099364
224.off,224.off,./psb-labeled-db/Fish/224.off,Fish,10118,5061,1.81951,triangles,[1.81951  0.519146 0.621227],1.991494964830441,False,[-0.01804307  0.00199253 -0.00515816],0.018871381845330073,0.11766467749180295,1.7714152096697633
230.off,230.off,./psb-labeled-db/Fish/230.off,Fish,15142,7573,1.790676,triangles,[1.790676 1.081443 0.626614],2.1837318068437344,False,[-0.00377327  0.00718796 -0.00016372],0.00811979799459468,0.06870711172251386,2.6300099770493355
231.off,231.off,./psb-labeled-db/Fish/231.off,Fish,12524,6264,1.788523,triangles,[1.788523 0.687467 0.737222],2.0530274413416887,False,[-0.02065522  0.00659409 -0.00578968],0.02244193490288888,0.1174591175537259,2.085137650767895
225.off,225.off,./psb-labeled-db/Fish/225.off,Fish,12148,6076,1.789695,triangles,[1.789695 0.616652 0.880898],2.087881502512295,False,[-0.01500722  0.00223813 -0.01012877],0.018243297364459468,0.11466184422574931,2.079230169802703
228.off,228.off,./psb-labeled-db/Fish/228.off,Fish,11180,5592,1.79226,triangles,[0.527754 1.79226  0.78802 ],2.0277316667932177,False,[-0.00018763 -0.01480671  0.0072229 ],0.016475560046114508,0.07565609594738547,1.9606901890824142
229.off,229.off,./psb-labeled-db/Fish/229.off,Fish,10486,5245,1.874825,triangles,[0.564376 0.674205 1.874825],2.0707586609805593,False,[-0.000584    0.00609292  0.01202039],0.013489053296577585,0.0950848727847916,2.0248372328795305
239.off,239.off,./psb-labeled-db/Fish/239.off,Fish,10238,5121,1.856531,triangles,[1.856531 0.670034 0.446429],2.0235987169293224,False,[-0.02314222  0.00305985 -0.00594123],0.02408782199832876,0.07169780778726781,1.8692753591947069
238.off,238.off,./psb-labeled-db/Fish/238.off,Fish,10188,5096,1.7634949999999998,triangles,[1.763495 0.503695 0.69125 ],1.9599616910924558,False,[-0.00985078  0.00295328 -0.00440756],0.011188673714247001,0.07756497374137376,1.6638349773840648
281.off,281.off,./psb-labeled-db/Armadillo/281.off,Armadillo,50542,25273,1.327419,triangles,[1.249404 1.327419 1.130258],2.144885708689626,False,[-3.81725937e-03  1.97720415e-03 -4.30629619e-05],0.0042991463973299695,0.12581615713512317,3.043360531347399
295.off,295.off,./psb-labeled-db/Armadillo/295.off,Armadillo,33556,16780,1.4027560000000001,triangles,[1.128523 1.402756 1.130823],2.1260407367672896,False,[ 0.00133054 -0.00404914  0.01236051],0.01307471282221254,0.19756942124099067,2.698109316014707
294.off,294.off,./psb-labeled-db/Armadillo/294.off,Armadillo,32998,16501,1.851157,triangles,[0.690485 1.851157 0.919986],2.1794324981678144,False,[-0.00194452 -0.02855064  0.00969911],0.030215772374689524,0.039438959348593365,2.3387833289027427
296.off,296.off,./psb-labeled-db/Armadillo/296.off,Armadillo,31660,15832,1.596906,triangles,[0.87631  1.596906 1.277566],2.2249051380434177,False,[-0.00371586 -0.00382233  0.00734313],0.009074101301327587,0.07331442633615845,3.5733072591132014
282.off,282.off,./psb-labeled-db/Armadillo/282.off,Armadillo,48942,24473,1.620059,triangles,[0.849885 1.620059 0.977798],2.074363662791556,False,[ 0.00073305 -0.01526201 -0.00166587],0.015370142459167327,0.08617895582159252,3.2891249269912377
283.off,283.off,./psb-labeled-db/Armadillo/283.off,Armadillo,48964,24484,1.878688,triangles,[0.888143 1.878688 0.933678],2.278161802303998,False,[ 0.00142103 -0.013761    0.00540143],0.014851260883799771,0.03340209905455046,2.609718050662872
297.off,297.off,./psb-labeled-db/Armadillo/297.off,Armadillo,30626,15315,1.3713799999999998,triangles,[1.37138  1.137078 1.310994],2.2118622810925634,False,[-0.00375065 -0.0175702   0.01475612],0.02324913891314402,0.1625472684267564,4.105541114086879
293.off,293.off,./psb-labeled-db/Armadillo/293.off,Armadillo,29996,15000,1.627,triangles,[0.853578 1.627    0.981799],2.0831835441182327,False,[-0.00108086 -0.01819707  0.00152956],0.01829319479127891,0.07989955442460242,3.149469434718421
287.off,287.off,./psb-labeled-db/Armadillo/287.off,Armadillo,50978,25491,1.486895,triangles,[1.315312 1.486895 1.444875],2.455313862624084,False,[0.0065814  0.0051491  0.00025047],0.008360068350319232,0.10054075965249118,4.267060950024807
286.off,286.off,./psb-labeled-db/Armadillo/286.off,Armadillo,50212,25108,1.339599,triangles,[1.339599 1.321469 1.315772],2.2960970699746124,False,[-0.00094171  0.00937601  0.00452959],0.010455318214084509,0.11291122598528452,4.577652174851817
292.off,292.off,./psb-labeled-db/Armadillo/292.off,Armadillo,43544,21774,1.3253110000000001,triangles,[1.280637 1.325311 1.165947],2.1808055344984343,False,[-0.00058102  0.00159028  0.00121819],0.00208579425145426,0.11322286908019068,3.0624989298330485
284.off,284.off,./psb-labeled-db/Armadillo/284.off,Armadillo,50984,25494,1.439152,triangles,[1.157804 1.439152 1.397401],2.3161170385628185,False,[0.00130167 0.00374269 0.00533601],0.006646434605829818,0.12438058752574693,3.408715297561045
290.off,290.off,./psb-labeled-db/Armadillo/290.off,Armadillo,50858,25431,1.454564,triangles,[1.075037 1.454564 1.20179 ],2.1715801126288206,False,[-0.00174882 -0.01525787 -0.00350242],0.015752080769786854,0.14734000347580425,2.845738920588594
291.off,291.off,./psb-labeled-db/Armadillo/291.off,Armadillo,49226,24615,1.887247,triangles,[0.934679 1.887247 0.90602 ],2.2926400311540402,False,[0.00168729 0.0013178  0.00118562],0.002447292891732938,0.042180277008336535,4.062041473426402
285.off,285.off,./psb-labeled-db/Armadillo/285.off,Armadillo,50382,25193,1.550408,triangles,[1.033773 1.550408 1.430165],2.3490047912292558,False,[-0.00175527 -0.00185556  0.00588828],0.006418403115875154,0.12554409281403886,3.8138347729548423
288.off,288.off,./psb-labeled-db/Armadillo/288.off,Armadillo,39996,20000,1.466418,triangles,[1.463016 1.466418 1.399389],2.4998174213932107,False,[ 0.00608376  0.00265796 -0.00097399],0.006710109528299157,0.10690087267768209,4.3986181030285145
289.off,289.off,./psb-labeled-db/Armadillo/289.off,Armadillo,50418,25211,1.795223,triangles,[1.795223 1.513468 1.464341],2.7672559641337844,False,[-0.00102929 -0.00073254  0.00037414],0.001317585898636718,0.21080391962793293,3.6315101180419718
300.off,300.off,./psb-labeled-db/Armadillo/300.off,Armadillo,34902,17453,1.77878,triangles,[1.77878  1.438825 1.450929],2.70914573843232,False,[ 0.00027624 -0.00049574  0.00054634],0.000787753696699119,0.2116071184424097,3.371262811230428
299.off,299.off,./psb-labeled-db/Armadillo/299.off,Armadillo,34230,17117,1.4792459999999998,triangles,[1.469594 1.479246 1.412378],2.518469151734045,False,[0.00707769 0.00786094 0.01547235],0.018742507934987166,0.10280974065719647,4.183994039668617
298.off,298.off,./psb-labeled-db/Armadillo/298.off,Armadillo,29996,15000,1.492488,triangles,[1.321343 1.492488 1.387614],2.428773428459106,False,[ 0.00537003 -0.01735478  0.00309794],0.018428862823256193,0.08578625399357409,4.024037752277386
180.off,180.off,./psb-labeled-db/Teddy/180.off,Teddy,19092,9548,1.814898,triangles,[1.211794 1.814898 0.569791],2.2554292789890353,False,[-0.00064964  0.00778296  0.00090721],0.00786254469520696,0.05439104917401391,3.6036790378168626
168.off,168.off,./psb-labeled-db/Teddy/168.off,Teddy,21500,10752,1.8459400000000001,triangles,[1.205767 1.84594  0.652934],2.299498064849153,False,[ 0.00473367 -0.00125049  0.00021258],0.004900669578347664,0.06584718964580039,4.10417402156431
169.off,169.off,./psb-labeled-db/Teddy/169.off,Teddy,25118,12561,1.815483,triangles,[1.585265 1.815483 0.585582],2.480312464637873,False,[-0.00048546  0.00140575 -0.00139933],0.00204204240076248,0.02096736131467189,4.5403335130433815
179.off,179.off,./psb-labeled-db/Teddy/179.off,Teddy,26644,13324,1.6583109999999999,triangles,[1.309065 1.658311 0.93135 ],2.3089086966456684,False,[ 0.00506     0.0014059  -0.00261725],0.00586771917429521,0.15395311901192518,4.245068539076726
178.off,178.off,./psb-labeled-db/Teddy/178.off,Teddy,24346,12175,1.6450580000000001,triangles,[1.099831 1.645058 0.899702],2.1737772978686203,False,[-0.00079572  0.00418166 -0.00425972],0.006022011930057202,0.16403387685551424,3.8298401601021723
176.off,176.off,./psb-labeled-db/Teddy/176.off,Teddy,24996,12500,1.632647,triangles,[1.421912 1.632647 0.936437],2.358873506002812,False,[ 0.00314137  0.00128981 -0.00045181],0.003425777877782264,0.14464324514646373,4.353253574980274
162.off,162.off,./psb-labeled-db/Teddy/162.off,Teddy,20188,10096,1.869732,triangles,[1.030474 1.869732 0.93845 ],2.332051204197712,False,[-0.0010463   0.00325939 -0.00086963],0.003531941404171782,0.14711948802928862,3.924090798805316
163.off,163.off,./psb-labeled-db/Teddy/163.off,Teddy,21758,10879,1.863775,triangles,[1.207782 1.863775 0.841098],2.374834827046504,False,[-3.25871506e-03 -1.15997629e-03  9.14999779e-05],0.0034602226898572536,0.08701758105837006,4.208823128994775
177.off,177.off,./psb-labeled-db/Teddy/177.off,Teddy,25082,12543,1.676588,triangles,[1.217235 1.676588 0.909809],2.2628214210250883,False,[-0.00065828  0.00432103 -0.00756754],0.00873912673010987,0.13042825569446215,4.085609776504123
161.off,161.off,./psb-labeled-db/Teddy/161.off,Teddy,27648,13826,1.67104,triangles,[1.350071 1.67104  0.656103],2.2462274001645515,False,[-0.00330762 -0.00018905 -0.00097371],0.0034531465029778983,0.10745700177978167,4.462291631539124
175.off,175.off,./psb-labeled-db/Teddy/175.off,Teddy,18956,9480,1.901507,triangles,[1.197565 1.901507 0.82036 ],2.392254445052616,False,[ 0.004575    0.00377064 -0.00190021],0.006225685348970072,0.017369067692308657,3.952234043373092
174.off,174.off,./psb-labeled-db/Teddy/174.off,Teddy,25658,12831,1.753096,triangles,[1.304528 1.753096 0.733116],2.3049073641810423,False,[-0.00279959 -0.00681519 -0.00193121],0.007616697524266296,0.060520800374747205,3.3666506464246995
164.off,164.off,./psb-labeled-db/Teddy/164.off,Teddy,29014,14509,1.6737630000000001,triangles,[1.302553 1.673763 0.79475 ],2.264896125758972,False,[ 0.00269231  0.00288279 -0.00019295],0.00394920928543764,0.15107092056878446,4.523528771183431
170.off,170.off,./psb-labeled-db/Teddy/170.off,Teddy,24996,12500,1.7432370000000001,triangles,[1.522691 1.743237 0.557333],2.380773654201298,False,[-0.00113639  0.00248594 -0.00129379],0.0030240986419675744,0.018498650998113358,4.175813708433911
171.off,171.off,./psb-labeled-db/Teddy/171.off,Teddy,29806,14905,1.797227,triangles,[1.058034 1.797227 0.885129],2.2655935604882886,False,[-0.00031191 -0.00118124 -0.00487851],0.005029159129020039,0.04631384151093493,4.039153830678752
165.off,165.off,./psb-labeled-db/Teddy/165.off,Teddy,20462,10233,1.902168,triangles,[0.993852 1.902168 0.784294],2.284973080052367,False,[ 0.00241121 -0.0031811  -0.00241417],0.004664924357407622,0.07397259731819614,4.114574572657179
173.off,173.off,./psb-labeled-db/Teddy/173.off,Teddy,27730,13867,1.595283,triangles,[0.900467 1.595283 0.907945],2.0445373049184012,False,[-0.00033031 -0.00273225  0.00047355],0.0027925848807341643,0.1554896308399695,3.9130684550396295
167.off,167.off,./psb-labeled-db/Teddy/167.off,Teddy,25290,12647,1.721479,triangles,[1.244    1.721479 0.907538],2.3096863789019064,False,[ 1.07742580e-03 -6.73109655e-05 -2.41737127e-03],0.0026474631206149873,0.1291038383056445,4.150573536768495
166.off,166.off,./psb-labeled-db/Teddy/166.off,Teddy,22176,11090,1.823318,triangles,[1.27574  1.823318 0.892458],2.397599290642204,False,[-0.00149916 -0.00372195 -0.00112676],0.004167725968363491,0.09430070765376046,4.153463181658262
172.off,172.off,./psb-labeled-db/Teddy/172.off,Teddy,20278,10141,1.9234170000000002,triangles,[1.005857 1.923417 0.98218 ],2.382427084453583,False,[-0.00067663 -0.00233136 -0.00204488],0.0031740475996582186,0.08759932783132528,4.201928463793585
